NAME,FAMILY,GROUPS,PDB,CHAIN,ALTERNATE_MODEL,SPECIES,LIGAND,PDB_IDENTIFIER,ALLOSTERIC_NAME,ALLOSTERIC_PDB,DFG,AC_HELIX,TYPE,TYPE Validated
CAMK2A (CaMK2a),CAMK2,CAMK,7uir,A,-,Human,ADENOSINE-5'-TRIPHOSPHATE,ATP,-,-,in,in,Type I,Y
BTK,Tec,TK,8tu4,A,B,Human,"N-methyl-N-[(1S,3r)-3-methyl-3-{[(6M,8S)-6-(1-methyl-1H-pyrazol-4-yl)pyrazolo[1,5-a]pyrazin-4-yl]oxy}cyclobutyl]propanamide",V72,-,-,in,out,Type I,Y
PI4KB,PIK,Atypical,4d0m,g,-,Human,N-(5-(4-CHLORO-3-(2-HYDROXY-ETHYLSULFAMOYL)- PHENYLTHIAZOLE-2-YL)-ACETAMIDE,93,-,-,in,in,Type I,Y
CSNK2A1 (CK2a1),CK2,CMGC,8p07,A,-,Human,"7-(cyclopropylamino)-5-[[3-(1,2,4-triazol-4-yl)phenyl]amino]pyrazolo[1,5-a]pyrimidine-3-carbonitrile",WAP,-,-,in,in,Type I,Y
CDK2,CDK,CMGC,8ru8,A,B,Human,"(3R,4R)-4-[[[7-[(phenylmethyl)amino]-3-propan-2-yl-pyrazolo[1,5-a]pyrimidin-5-yl]amino]methyl]piperidin-3-ol",I74,-,-,in,out,Type I,Y
TTK,TTK,Other,5nad,A,-,Human,BAY 1217389,8RH,-,-,in,in,Type I,Y
NTRK1 (TRKA),Trk,TK,6j5l,A,C,Human,N-{2-[({3-[6-(piperazin-1-yl)pyridin-3-yl]-1H-indazol-5-yl}amino)methyl]phenyl}methanesulfonamide,B9C,-,-,in,in,Type I,Y
BTK,Tec,TK,8tu3,A,A,Human,"1-[(4R)-4-{[(6P,8S)-6-(1-methyl-1H-pyrazol-4-yl)pyrazolo[1,5-a]pyrazin-4-yl]oxy}azepan-1-yl]propan-1-one",UEO,-,-,in,out,Type I,Y
ACVR1 (ALK2),STKR,TKL,8c7z,A,A,Human,"9-piperazin-1-yl-4-(3,4,5-trimethoxyphenyl)-5,6-dihydro-[1]benzoxepino[5,4-c]pyridine",TZX,-,-,in,in,Type I,Y
CDK2,CDK,CMGC,3r83,A,B,Human,4-(4-aminopiperidin-1-yl)-2-{[(2-aminopyrimidin-5-yl)methyl]amino}-5-nitrobenzamide,Z14,-,-,in,out,Type I,Y
PIK3CG (p110g),PIK,Atypical,3nzs,A,-,Human,"6-(1,1-dioxidothiomorpholin-4-yl)-N-(3-methoxyphenyl)-1-methyl-1H-pyrazolo[3,4-d]pyrimidin-4-amine",NZS,-,-,in,in,Type I,Y
EGFR,EGFR,TK,8eme,B,-,Human,N-{7-methyl-1-[(3S)-1-(prop-2-enoyl)azepan-3-yl]-1H-benzimidazol-2-yl}-5-(prop-2-enamido)thiophene-3-carboxamide,ZNL,-,-,in,out,Type I,Y
EGFR,EGFR,TK,7lgs,C,B,Human,~{N}-[2-[2-(dimethylamino)ethyl-methyl-amino]-4-methoxy-5-[[4-(1-methylindol-3-yl)pyrimidin-2-yl]amino]phenyl]propanamide,Q6K,-,-,in,in,Type I,Y
STK24 (MST3),STE20,STE,4o27,B,-,Human,ADENOSINE-5'-DIPHOSPHATE,ADP,-,-,in,in,Type I,Y
CDK2,CDK,CMGC,3unk,A,-,Human,4-({4-[(2-chlorophenyl)amino]pyrimidin-2-yl}amino)benzoic acid,0BY,-,-,in,out,Type I,Y
CDK2,CDK,CMGC,2vu3,A,B,Human,"4-{[(2,6-dichlorophenyl)carbonyl]amino}-N-piperidin-4-yl-1H-pyrazole-3-carboxamide",LZE,-,-,in,out,Type I,Y
TTK,TTK,Other,3h9f,A,B,Human,"9-cyclopentyl-2-(4-(4-hydroxypiperidin-1-yl)-2-methoxyphenylamino)-5-methyl-8,9-dihydro-5H-pyrimido[4,5-b][1,4]diazepin-6(7H)-one",92M,-,-,in,in,Type I,Y
EGFR,EGFR,TK,8to4,A,A,Human,PHOSPHOAMINOPHOSPHONIC ACID-ADENYLATE ESTER,ANP,-,-,in,out,Type I,Y
GSK3B,GSK,CMGC,8qji,A,-,Human,"N-[4-[5-(1,2,4-oxadiazol-3-yl)thiophen-2-yl]pyridin-2-yl]cyclopropanecarboxamide",VNG,-,-,in,in,Type I,Y
PI4KB,PIK,Atypical,8vof,A,-,Human,"methyl 2-chloro-5-(methyl{(8R)-3-[4-(methylcarbamoyl)phenyl]pyrazolo[1,5-a]pyridine-5-carbonyl}amino)benzoate",A1ADE,-,-,in,in,Type I,Y
EGFR,EGFR,TK,8to3,A,A,Human,"3-hydroxy-N-{(3P)-3-[(4P)-2-(methylsulfanyl)-5-{2-[4-(piperazin-1-yl)anilino]pyridin-4-yl}-1H-imidazol-4-yl]phenyl}-2-[(1-oxo-1,3-dihydro-2H-isoindol-2-yl)methyl]benzamide",IXC,-,-,in,out,Type I,Y
CDK2,CDK,CMGC,1r78,A,A,Human,"4-((3R,4S,5R)-4-AMINO-3,5-DIHYDROXY-HEX-1-YNYL)-5-FLUORO-3-[1-(3-METHOXY-1H-PYRROL-2-YL)-METH-(Z)-YLIDENE]-1,3-DIHYDRO-INDOL-2-ONE",FMD,-,-,in,out,Type I,Y
MAPK3 (Erk1),MAPK,CMGC,2zoq,A,-,Human,"(2R,3R,4S,5R)-2-(4-AMINO-5-IODO-7H-PYRROLO[2,3-D]PYRIMIDIN-7-YL)-5-(HYDROXYMETHYL)TETRAHYDROFURAN-3,4-DIOL",5ID,-,-,in,in,Type I,Y
CLK3,CLK,CMGC,2wu6,A,A,Human,"5-AMINO-3-{[4-(AMINOSULFONYL)PHENYL]AMINO}-N-(2,6-DIFLUOROPHENYL)-1H-1,2,4-TRIAZOLE-1-CARBOTHIOAMIDE",DKI,-,-,in,in,Type I,Y
DYRK1A,DYRK,CMGC,6eis,C,B,Human,"1-[4-fluoranyl-2-(trifluoromethyl)phenyl]-9-(1~{H}-pyrazol-4-yl)benzo[h][1,6]naphthyridin-2-one",B6N,-,-,in,in,Type I,Y
CDK1 (CDC2),CDK,CMGC,6gu6,A,-,Human,"3-[({3-ethyl-5-[(2S)-2-(2-hydroxyethyl)piperidin-1-yl]pyrazolo[1,5-a]pyrimidin-7-yl}amino)methyl]-1-hydroxypyridinium",1QK,-,-,in,out,Type I,Y
CDK1 (CDC2),CDK,CMGC,5hq0,A,A,Human,"{[(2,6-difluorophenyl)carbonyl]amino}-N-(4-fluorophenyl)-1H-pyrazole-3-carboxamide",LZ9,-,-,in,in,Type I,Y
CLK1,CLK,CMGC,5j1w,B,B,Human,"pyrido[3,4-g]quinazolin-2-amine",6FB,-,-,in,in,Type I,Y
CLK1,CLK,CMGC,5j1v,C,-,Human,"pyrido[3,4-g]quinazoline-2,10-diamine",6FD,-,-,in,in,Type I,Y
CLK1,CLK,CMGC,6r3d,A,-,Human,"4-[6,7-bis(chloranyl)-1~{H}-indol-3-yl]pyrimidin-2-amine",JQW,-,-,in,in,Type I,Y
CLK1,CLK,CMGC,6ft8,A,A,Human,"3-(3-hydroxyphenyl)-1~{H}-pyrrolo[3,4-g]indol-8-one",E6T,-,-,in,in,Type I,Y
CLK1,CLK,CMGC,6raa,A,A,Human,"4-[2-methyl-1-(4-methylpiperazin-1-yl)-1-oxidanylidene-propan-2-yl]-~{N}-(6-pyridin-4-ylimidazo[1,2-a]pyridin-2-yl)benzamide",JWN,-,-,in,in,Type I,Y
CLK1,CLK,CMGC,6i5k,B,B,Human,"5-(1-methylpyrazol-4-yl)-3-(3-propan-2-yloxyphenyl)furo[3,2-b]pyridine",H3H,-,-,in,in,Type I,Y
CLK1,CLK,CMGC,6r8j,A,A,Human,4-(1-methylindol-3-yl)pyrimidin-2-amine,JUW,-,-,in,in,Type I,Y
CLK1,CLK,CMGC,6z4z,B,B,Human,"7,10-Dioxa-13,17,18,21-tetrazatetracyclo[12.5.2.12,6.017,20]docosa-1(20),2(22),3,5,14(21),15,18-heptaene-5-carboxylic acid",PQ5,-,-,in,in,Type I,Y
JAK2,JakA,TK,3E+64,A,A,Human,4-(3-amino-1H-indazol-5-yl)-N-tert-butylbenzenesulfonamide,5B3,-,-,in,in,Type I,Y
ACVR1 (ALK2),STKR,TKL,6acr,B,-,Human,N-(4-methoxyphenyl)-4-[3-(pyridin-3-yl)-1H-pyrazol-4-yl]pyrimidin-2-amine,9TO,-,-,in,in,Type I,Y
MARK3,CAMKL,CAMK,7p1l,A,-,Human,"5-Bromo-4-N-[2-(1H-imidazol-5-yl)ethyl]-2-N-[3-(morpholin-4-ylmethyl)phenyl]pyrimidine-2,4-diamine",V5E,-,-,in,out,Type I,Y
CDK2,CDK,CMGC,1h00,A,B,Human,"(2R)-1-[4-({6-[(2,6-DIFLUOROPHENYL)AMINO]PYRIMIDIN-4-YL}AMINO)PHENOXY]-3-(DIMETHYLAMINO)PROPAN-2-OL",FCP,-,-,in,out,Type I,Y
EGFR,EGFR,TK,7u9a,A,-,Human,4-(5-chloro-4-fluoro-2-hydroxyanilino)-7-methoxyquinazolin-6-ol,M19,-,-,in,in,Type I,Y
CSNK1D (CK1d),CK1,CK1,4twc,A,B,Human,"2-{[2-(trifluoromethoxy)benzoyl]amino}-N-[6-(trifluoromethyl)-1H-benzimidazol-2-yl]-1,3-thiazole-4-carboxamide",37J,-,-,in,in,Type I,Y
PLK1,PLK,Other,4j52,A,B,Human,"4-{[(7R)-9-cyclopentyl-7-ethenyl-7-fluoro-5-methyl-6-oxo-6,7,8,9-tetrahydro-5H-pyrimido[4,5-b][1,4]diazepin-2-yl]amino}-3-methoxy-N-(4-methylpiperazin-1-yl)benzamide",1J3,-,-,in,in,Type I,Y
DYRK1A,DYRK,CMGC,2vx3,C,A,Human,N-(5-{[(2S)-4-amino-2-(3-chlorophenyl)butanoyl]amino}-1H-indazol-3-yl)benzamide,D15,-,-,in,in,Type I,Y
DYRK1A,DYRK,CMGC,6eiv,B,-,Human,"~{N}-[3-[[4-azanyl-2-[[4-(4-methylpiperazin-1-yl)phenyl]amino]-1,3-thiazol-5-yl]carbonyl]phenyl]propanamide",B6Q,-,-,in,in,Type I,Y
DYRK1A,DYRK,CMGC,7a52,A,B,Human,"3-phenyl-1H,4H,5H-pyrazolo[3,4-d]pyrimidin-4-one",QYB,-,-,in,in,Type I,Y
DYRK1A,DYRK,CMGC,4mq1,A,B,Human,"N-(5-{[(1R)-3-amino-1-(3-chlorophenyl)propyl]carbamoyl}-2-chlorophenyl)-2-methoxy-7-oxo-7,8-dihydropyrido[2,3-d]pyrimidine-6-carboxamide",2C3,-,-,in,in,Type I,Y
CDK1 (CDC2),CDK,CMGC,6gu4,A,-,Human,"~{N}2-[(1~{R},2~{S})-2-azanylcyclohexyl]-~{N}6-(3-chlorophenyl)-9-ethyl-purine-2,6-diamine",FC8,-,-,in,in,Type I,Y
CDK2,CDK,CMGC,3s0o,A,B,Human,"[4-amino-2-(prop-2-en-1-ylamino)-1,3-thiazol-5-yl](pyridin-2-yl)methanone",50Z,-,-,in,out,Type I,Y
PIK3CA (p110a),PIK,Atypical,8exo,A,B,Human,"1-{(4S,11aM)-2-[(4R)-2-oxo-4-(propan-2-yl)-1,3-oxazolidin-3-yl]-5,6-dihydroimidazo[1,2-d][1,4]benzoxazepin-9-yl}-L-prolinamide",X3W,-,-,in,in,Type I,Y
CLK2,CLK,CMGC,6fyl,A,A,Human,"5-[(3-chlorophenyl)amino]benzo[c][2,6]naphthyridine-8-carboxylic acid",3NG,-,-,in,in,Type I,Y
CLK2,CLK,CMGC,3nr9,C,-,Human,"(5Z)-5-(quinolin-6-ylmethylidene)-2-[(thiophen-2-ylmethyl)amino]-1,3-thiazol-4(5H)-one",NR9,-,-,in,in,Type I,Y
PRKCB (PKCb),PKC,AGC,2i0e,A,-,Human,"3-{1-[3-(DIMETHYLAMINO)PROPYL]-2-METHYL-1H-INDOL-3-YL}-4-(2-METHYL-1H-INDOL-3-YL)-1H-PYRROLE-2,5-DIONE",PDS,-,-,in,in,Type I,Y
CSNK2A2 (CK2a2),CK2,CMGC,5ooi,A,A,Human,"4-(3-methylbut-2-enoxy)-5-propan-2-yl-7,8-dihydro-6~{H}-indeno[1,2-b]indole-9,10-dione",9YE,-,-,in,in,Type I,Y
CDK2,CDK,CMGC,4fx3,A,B,Human,"(3Z)-2-oxo-3-[2-(4-sulfamoylphenyl)hydrazinylidene]-2,3-dihydro-1H-indole-5-carboxylic acid",60K,-,-,in,in,Type I,Y
CDK2,CDK,CMGC,4cfx,A,B,Human,3-[2-amino-6-(cyclohexylmethoxy)-7H-purin-8-yl]benzenesulfonamide,G6T,-,-,in,in,Type I,Y
CDK2,CDK,CMGC,3qqh,A,A,Human,"2-[4-amino-6-(phenylamino)-1,3,5-triazin-2-yl]-4-chlorophenol",X0A,-,-,in,out,Type I,Y
CDK2,CDK,CMGC,3rai,A,A,Human,4-{[3-(morpholin-4-yl)propyl]amino}-5-nitro-2-[(pyridin-3-ylmethyl)amino]benzamide,X85,-,-,in,out,Type I,Y
FGFR4,FGFR,TK,7ybp,A,-,Human,"~{N}-[4-[(1~{R})-1-[3,5-bis(chloranyl)pyridin-4-yl]ethoxy]-5-cyano-pyridin-2-yl]-6-bromanyl-5-(hydroxymethyl)-1-(2-morpholin-4-ylethyl)pyrrolo[3,2-b]pyridine-3-carboxamide",IH7,-,-,in,in,Type I,Y
KIT,PDGFR,TK,8pqc,A,A,Human,"(1~{S})-~{N}-ethyl-1-(4-fluorophenyl)-1-[2-[4-[6-(1-methylpyrazol-4-yl)pyrrolo[2,1-f][1,2,4]triazin-4-yl]piperazin-1-yl]pyrimidin-5-yl]ethanamine",9OO,-,-,in,in,Type I,Y
FGFR4,FGFR,TK,6jpj,A,-,Human,"N-[5-cyano-4-(2-methoxyethylamino)pyridin-2-yl]-7-methanoyl-6-[(4-methyl-2-oxidanylidene-piperazin-1-yl)methyl]-3,4-dihydro-2H-1,8-naphthyridine-1-carboxamide",FGF,-,-,in,in,Type I,Y
MAP4K1 (HPK1),STE20,STE,7l24,D,A,Human,"6-(2-fluoro-6-methoxyphenyl)-1-[4-(4-methylpiperazin-1-yl)phenyl]-1H-pyrazolo[4,3-c]pyridine",XHV,-,-,in,in,Type I,Y
AURKA (AurA),Aur,Other,4uzd,A,-,Human,"ethyl (9S)-9-[3-(1H-benzimidazol-2-yloxy)phenyl]-8-oxo-4,5,6,7,8,9-hexahydro-2H-pyrrolo[3,4-b]quinoline-3-carboxylate",QMN,-,-,in,in,Type I,Y
JAK2,JakA,TK,3lpb,A,A,Human,"N-methyl-4-[3-(3,4,5-trimethoxyphenyl)quinoxalin-5-yl]benzenesulfonamide",NVB,-,-,in,in,Type I,Y
FGFR1,FGFR,TK,7wcl,A,B,Human,"11-[2,6-bis(fluoranyl)-3,5-dimethoxy-phenyl]-13-ethyl-4-(morpholin-4-ylmethyl)-5,7,11,13-tetrazatricyclo[7.4.0.0^{2,6}]trideca-1(9),2(6),3,7-tetraen-12-one",8ZF,-,-,in,in,Type I,Y
DAPK3,DAPK,CAMK,5vja,C,A,Human,"(2R)-2-{[1-(3-chlorophenyl)-4-oxo-4,5-dihydro-1H-pyrazolo[3,4-d]pyrimidin-6-yl]sulfanyl}propanamide",DUK,-,-,in,in,Type I,Y
DAPK3,DAPK,CAMK,2j90,A,B,Human,"2-TERT-BUTYL-9-FLUORO-3,6-DIHYDRO-7H-BENZ[H]-IMIDAZ[4,5-F]ISOQUINOLINE-7-ONE",IZA,-,-,in,in,Type I,Y
DAPK3,DAPK,CAMK,3bqr,A,B,Human,"4-(6-{[(1R)-1-(hydroxymethyl)propyl]amino}imidazo[1,2-b]pyridazin-3-yl)benzoic acid",4RB,-,-,in,in,Type I,Y
CDK2,CDK,CMGC,3sqq,A,B,Human,"4-{[4-amino-5-(2-methylbenzoyl)-1,3-thiazol-2-yl]amino}benzenesulfonamide",99Z,-,-,in,out,Type I,Y
PRPF4B (PRP4),DYRK,CMGC,4ijp,B,A,Human,4-(5-{[(2-chloropyridin-4-yl)methyl]carbamoyl}thiophen-2-yl)-1-benzothiophene-2-carboxamide,1EH,-,-,in,in,Type I,Y
CDK2,CDK,CMGC,3r9h,A,B,Human,"4-amino-N-(2,6-difluorophenyl)-2-[(4-sulfamoylphenyl)amino]-1,3-thiazole-5-carboxamide",Z67,-,-,in,out,Type I,Y
CDK2,CDK,CMGC,6gue,C,-,Human,4-(2-methyl-3-propan-2-yl-imidazol-4-yl)-~{N}-(4-methylsulfonylphenyl)pyrimidin-2-amine,FB8,-,-,in,in,Type I,Y
CDK2,CDK,CMGC,1fvv,A,-,Human,"4-[(7-OXO-7H-THIAZOLO[5,4-E]INDOL-8-YLMETHYL)-AMINO]-N-PYRIDIN-2-YL-BENZENESULFONAMIDE",107,-,-,in,in,Type I,Y
FGFR4,FGFR,TK,7wct,A,-,Human,"~{N}-[2-[[5-[(1~{R})-1-[3,5-bis(chloranyl)pyridin-4-yl]ethoxy]-1~{H}-indazol-3-yl]amino]-3-fluoranyl-5-(4-morpholin-4-ylpiperidin-1-yl)phenyl]propanamide",90F,-,-,in,in,Type I,Y
EGFR,EGFR,TK,3w2q,A,A,Human,N-(4-{[3-chloro-4-(pyridin-2-ylmethoxy)phenyl]amino}-3-cyano-7-ethoxyquinolin-6-yl)-4-(dimethylamino)butanamide,HKI,-,-,in,in,Type I,Y
CLK1,CLK,CMGC,6qty,A,A,Human,"ethyl 3-[(E)-2-amino-1-cyanoethenyl]-6,7-dichloro-1-methyl-1H-indole-2-carboxylate",V25,-,-,in,in,Type I,Y
MTOR (FRAP),PIKK,Atypical,4jsp,A,-,Human,PHOSPHOTHIOPHOSPHORIC ACID-ADENYLATE ESTER,AGS,-,-,in,in,Type I,Y
MTOR (FRAP),PIKK,Atypical,4jsx,B,-,Human,"9-(6-aminopyridin-3-yl)-1-[3-(trifluoromethyl)phenyl]benzo[h][1,6]naphthyridin-2(1H)-one",17G,-,-,in,in,Type I,Y
MTOR (FRAP),PIKK,Atypical,4jt5,A,-,Human,"2-[4-amino-1-(propan-2-yl)-1H-pyrazolo[3,4-d]pyrimidin-3-yl]-1H-indol-5-ol",P2X,-,-,in,in,Type I,Y
GSK3B,GSK,CMGC,4b7t,A,-,Human,"(5Z)-5-(1,3-benzodioxol-5-ylmethylidene)-3-methyl-2-(propan-2-ylamino)imidazol-4-one",CWT,-,-,in,in,Type I,Y
EGFR,EGFR,TK,6jwl,A,-,Human,N-(2-{[2-(dimethylamino)ethyl](methyl)amino}-4-methoxy-5-{[4-(1-methyl-1H-indol-3-yl)pyrimidin-2-yl]amino}phenyl)prop-2-enamide,YY3,-,-,in,in,Type I,Y
EGFR,EGFR,TK,7u98,A,-,Human,"19-chloro-18-fluoro-22-methoxy-8,9,11,12,14,15-hexahydro-21H-4,6-ethenopyrimido[5,4-m][1,4,7,10,15]benzotetraoxazacycloheptadecine",M1O,-,-,in,out,Type I,Y
EGFR,EGFR,TK,6p8q,C,B,Human,ADENOSINE MONOPHOSPHATE,AMP,-,-,in,out,Type I,Y
CDK2,CDK,CMGC,4eol,A,A,Human,"(5E)-5-(quinolin-6-ylmethylidene)-2-[(thiophen-2-ylmethyl)amino]-1,3-thiazol-4(5H)-one",1RO,-,-,in,in,Type I,Y
CDK2,CDK,CMGC,4bcp,C,A,Human,"2-[[3-(1,4-diazepan-1-yl)phenyl]amino]-4-[4-methyl-2-(methylamino)-1,3-thiazol-5-yl]pyrimidine-5-carbonitrile",T3C,-,-,in,in,Type I,Y
CDK2,CDK,CMGC,4bcn,A,B,Human,"2-[(3-hydroxyphenyl)amino]-4-[4-methyl-2-(methylamino)-1,3-thiazol-5-yl]pyrimidine-5-carbonitrile",T9N,-,-,in,in,Type I,Y
PIK3CA (p110a),PIK,Atypical,8exl,A,A,Human,"2-methyl-2-(4-{2-[3-methyl-1-(propan-2-yl)-1H-1,2,4-triazol-5-yl]-5,6-dihydroimidazo[1,2-d][1,4]benzoxazepin-9-yl}-1H-pyrazol-1-yl)propanamide",799,-,-,in,in,Type I,Y
CDK2,CDK,CMGC,1e1v,A,-,Human,6-O-CYCLOHEXYLMETHYL GUANINE,CMG,-,-,in,out,Type I,Y
PIK3CA (p110a),PIK,Atypical,8exv,A,A,Human,"N~2~-{(4S,11aP)-2-[(4S)-4-(difluoromethyl)-2-oxo-1,3-oxazolidin-3-yl]-5,6-dihydroimidazo[1,2-d][1,4]benzoxazepin-9-yl}-L-alaninamide",X3N,-,-,in,in,Type I,Y
PRPF4B (PRP4),DYRK,CMGC,6pjj,A,A,Human,4-(5-{[(3-aminophenyl)methyl]carbamoyl}thiophen-2-yl)-1-benzothiophene-2-carboxamide,OCJ,-,-,in,in,Type I,Y
CDK2,CDK,CMGC,6gva,A,A,Human,"5-(2-azanylethylsulfanyl)-3-propan-2-yl-~{N}-[(4-pyridin-2-ylphenyl)methyl]-2~{H}-pyrazolo[4,3-d]pyrimidin-7-amine",FCQ,-,-,in,in,Type I,Y
CDK2,CDK,CMGC,2b53,A,-,Human,6-(3-AMINOPHENYL)-N-(TERT-BUTYL)-2-(TRIFLUOROMETHYL)QUINAZOLIN-4-AMINE,D23,-,-,in,out,Type I,Y
PIK3CD (p110d),PIK,Atypical,5m6u,A,-,Human,"4-azanyl-6-[[(1~{S})-1-(4-oxidanylidene-3-phenyl-pyrrolo[2,1-f][1,2,4]triazin-2-yl)ethyl]amino]pyrimidine-5-carbonitrile",7KA,-,-,in,in,Type I,Y
CDK2,CDK,CMGC,1h1s,C,-,Human,O6-CYCLOHEXYLMETHOXY-2-(4'-SULPHAMOYLANILINO) PURINE,4SP,-,-,in,in,Type I,Y
CDK2,CDK,CMGC,3ti1,A,A,Human,"N-[2-(diethylamino)ethyl]-5-[(Z)-(5-fluoro-2-oxo-1,2-dihydro-3H-indol-3-ylidene)methyl]-2,4-dimethyl-1H-pyrrole-3-carboxamide",B49,-,-,in,out,Type I,Y
CDK2,CDK,CMGC,2r64,A,-,Human,"N-[5-(1,1-DIOXIDOISOTHIAZOLIDIN-2-YL)-1H-INDAZOL-3-YL]-2-(4-PIPERIDIN-1-YLPHENYL)ACETAMIDE",740,-,-,in,out,Type I,Y
CDK2,CDK,CMGC,7kjs,A,-,Human,"6-(difluoromethyl)-8-[(1R,2R)-2-hydroxy-2-methylcyclopentyl]-2-{[1-(methylsulfonyl)piperidin-4-yl]amino}pyrido[2,3-d]pyrimidin-7(8H)-one",WG1,-,-,in,in,Type I,Y
CDK2,CDK,CMGC,2r3g,A,A,Human,"6-(2-fluorophenyl)-N-(pyridin-3-ylmethyl)imidazo[1,2-a]pyrazin-8-amine",SC9,-,-,in,out,Type I,Y
ROCK2,DMPK,AGC,6p5m,A,B,Human,"6-(5-methyl-1H-pyrazol-4-yl)-2-[(pyrrolidin-1-yl)methyl]thieno[3,2-d]pyrimidin-4(3H)-one",O1S,-,-,in,in,Type I,Y
MAP3K12 (DLK),MLK,TKL,8deg,A,-,Human,"methyl (1S,4S)-5-{(4P)-4-[5-amino-6-(difluoromethoxy)pyrazin-2-yl]-6-[(1R,4R)-2-azabicyclo[2.1.1]hexan-2-yl]pyridin-2-yl}-2,5-diazabicyclo[2.2.1]heptane-2-carboxylate",SIQ,-,-,in,out,Type I,Y
BRAF,RAF,TKL,7shv,A,B,Human,"2-{4-[(1E)-1-(hydroxyimino)-2,3-dihydro-1H-inden-5-yl]-3-(pyridin-4-yl)-1H-pyrazol-1-yl}ethanol",29L,-,-,in,in,Type I,Y
CDK2,CDK,CMGC,2uze,C,-,Human,"4-{5-[(Z)-(2-IMINO-4-OXO-1,3-THIAZOLIDIN-5-YLIDENE)METHYL]FURAN-2-YL}BENZOIC ACID",C95,-,-,in,in,Type I,Y
TP53RK (PRPK),Bud32,Other,7szd,A,-,Human,"2-[(3R)-3-methyl-2,6-dioxopiperidin-3-yl]-1,3-dioxo-2,3-dihydro-1H-isoindole-5-carboxylic acid",DVO,-,-,in,in,Type I,Y
TP53RK (PRPK),Bud32,Other,7szc,A,-,Human,"4-hydroxy-2-[(3R)-3-methyl-2,6-dioxopiperidin-3-yl]-1H-isoindole-1,3(2H)-dione",DO0,-,-,in,in,Type I,Y
CDK2,CDK,CMGC,3r7v,A,B,Human,5-nitro-2-[(pyridin-2-ylmethyl)amino]benzamide,Z02,-,-,in,out,Type I,Y
JAK2,JakA,TK,4bbf,D,-,Human,(2R)-N-[4-[2-[(4-morpholin-4-ylphenyl)amino]pyrimidin-4-yl]phenyl]pyrrolidine-2-carboxamide,O19,-,-,in,in,Type I,Y
CDK2,CDK,CMGC,4cfm,A,A,Human,6-(cyclohexylmethoxy)-8-(2-methylphenyl)-9H-purin-2-amine,4QE,-,-,in,in,Type I,Y
CDK2,CDK,CMGC,5iev,A,B,Human,Roniciclib,R0N,-,-,in,out,Type I,Y
CSNK1D (CK1d),CK1,CK1,4kbk,B,A,Human,(3S)-3-{4-[3-(4-fluorophenyl)-1-methyl-1H-pyrazol-4-yl]pyridin-2-yl}morpholine,1QG,-,-,in,in,Type I,Y
CDK2,CDK,CMGC,3tnw,C,B,Human,"4-[(E)-(3,5-DIAMINO-1H-PYRAZOL-4-YL)DIAZENYL]PHENOL",F18,-,-,in,in,Type I,Y
CDK2,CDK,CMGC,4fks,A,A,Human,"N-[(4-{[(Z)-(7-oxo-6,7-dihydro-8H-[1,3]thiazolo[5,4-e]indol-8-ylidene)methyl]amino}phenyl)sulfonyl]acetamide",46K,-,-,in,out,Type I,Y
PLK2,PLK,Other,4i6h,A,B,Human,"(7R)-8-cyclopentyl-7-ethyl-5-methyl-2-[2-(1,3-thiazol-4-yl)-1H-imidazol-1-yl]-7,8-dihydropteridin-6(5H)-one",1C8,-,-,in,in,Type I,Y
PLK2,PLK,Other,4i6b,A,A,Human,"(7R)-8-cyclopentyl-7-ethyl-5-methyl-7,8-dihydropteridin-6(5H)-one",11G,-,-,in,in,Type I,Y
ROCK2,DMPK,AGC,7jov,F,-,Human,N-[(1S)-2-hydroxy-1-phenylethyl]-3-methoxy-4-(1H-pyrazol-4-yl)benzamide,VFS,-,-,in,in,Type I,Y
ROCK2,DMPK,AGC,4wot,D,-,Human,methyl 3-[({2'-(aminomethyl)-5'-[(3-fluoropyridin-4-yl)carbamoyl]biphenyl-3-yl}carbonyl)amino]-4-fluorobenzoate,3SG,-,-,in,in,Type I,Y
PTK2 (FAK),FAK,TK,6yoj,A,B,Human,"6-[[4-[(3-methylsulfonylphenyl)methylamino]-5-(trifluoromethyl)pyrimidin-2-yl]amino]-3,4-dihydro-1~{H}-quinolin-2-one",P4N,-,-,in,in,Type I,Y
MAPKAPK3,MAPKAPK,CAMK,3fxw,A,B,Human,"2-[2-(2-FLUOROPHENYL)PYRIDIN-4-YL]-1,5,6,7-TETRAHYDRO-4H-PYRROLO[3,2-C]PYRIDIN-4-ONE",F10,-,-,in,in,Type I,Y
FGFR2,FGFR,TK,2pvy,C,-,Human,PHOSPHOMETHYLPHOSPHONIC ACID ADENYLATE ESTER,ACP,-,-,in,in,Type I,Y
CSNK2A2 (CK2a2),CK2,CMGC,6hmq,A,B,Human,"3-(4,5,6,7-tetrabromo-1H-benzotriazol-1-yl)propan-1-ol",4B0,-,-,in,in,Type I,Y
PLK2,PLK,Other,4i5p,A,A,Human,"(7R)-8-cyclopentyl-7-ethyl-5-methyl-2-(1H-pyrrol-2-yl)-7,8-dihydropteridin-6(5H)-one",1D1,-,-,in,in,Type I,Y
PLK2,PLK,Other,4i6f,A,A,Human,"(7R)-8-cyclopentyl-7-ethyl-5-methyl-2-(2-phenyl-1H-imidazol-1-yl)-7,8-dihydropteridin-6(5H)-one",1C7,-,-,in,in,Type I,Y
ROCK2,DMPK,AGC,4l6q,A,-,Human,"6-[4-(aminomethyl)-2-fluorophenoxy]-2,1-benzoxaborol-1(3H)-ol",1WU,-,-,in,in,Type I,Y
PTK2 (FAK),FAK,TK,4gu9,A,-,Human,"N-(2-fluorophenyl)-1H-pyrazolo[3,4-d]pyrimidin-4-amine",4GU,-,-,in,in,Type I,Y
PTK2 (FAK),FAK,TK,6yq1,C,B,Human,"~{N}-methyl-~{N}-[3-[[[2-[(2-oxidanylidene-3,4-dihydro-1~{H}-quinolin-6-yl)amino]-5-(trifluoromethyl)pyrimidin-4-yl]amino]methyl]pyridin-2-yl]methanesulfonamide",P7N,-,-,in,in,Type I,Y
PTK2 (FAK),FAK,TK,6yxv,A,-,Human,~{N}-methyl-~{N}-[3-[(~{E})-[2-phenylazanyl-5-(trifluoromethyl)pyrimidin-4-yl]iminomethyl]pyridin-2-yl]methanesulfonamide,Q2H,-,-,in,in,Type I,Y
MAPKAPK3,MAPKAPK,CAMK,3she,A,A,Human,"N-{4-[(3S)-4'-oxo-1',4',5',6'-tetrahydrospiro[piperidine-3,7'-pyrrolo[3,2-c]pyridin]-2'-yl]pyridin-2-yl}-3-(trifluoromethyl)benzamide",I85,-,-,in,in,Type I,Y
ALK,ALK,TK,4cli,A,-,Human,"(10R)-7-amino-12-fluoro-2,10,16-trimethyl-15-oxo-10,15,16,17-tetrahydro-2H-8,4-(metheno)pyrazolo[4,3-h][2,5,11]benzoxadiazacyclotetradecine-3-carbonitrile",5P8,-,-,in,in,Type I,Y
ALK,ALK,TK,4cnh,B,-,Human,"3-[(1R)-1-(5-fluoro-2-methoxyphenyl)ethoxy]-5-(1-methyl-1H-1,2,3-triazol-5-yl)pyridin-2-amine",3U9,"3-[(1R)-1-(5-fluoro-2-methoxyphenyl)ethoxy]-5-(1-methyl-1H-1,2,3-triazol-5-yl)pyridin-2-amine",3U9,in,in,Type I,Y
PIK3CA (p110a),PIK,Atypical,8gud,A,A,Human,"(2S)-N~1~-{4-methyl-5-[2-(1,1,1-trifluoro-2-methylpropan-2-yl)pyridin-4-yl]-1,3-thiazol-2-yl}pyrrolidine-1,2-dicarboxamide",1LT,-,-,in,in,Type I,Y
FGFR2,FGFR,TK,8e1x,A,-,Human,"(5M)-N-methyl-5-{(6M,8S)-5-{[(3S)-oxolan-3-yl]amino}-6-[1-(propan-2-yl)-1H-pyrazol-3-yl]pyrazolo[1,5-a]pyrimidin-3-yl}pyridine-3-carboxamide",U9P,-,-,in,in,Type I,Y
ACVR1 (ALK2),STKR,TKL,5s7m,A,A,Human,"4-methyl-3-[4-(1-methylpiperidin-4-yl)phenyl]-5-(3,4,5-trimethoxyphenyl)pyridine",LU8,"4-methyl-3-[4-(1-methylpiperidin-4-yl)phenyl]-5-(3,4,5-trimethoxyphenyl)pyridine",LU8,in,in,Type I,Y
PDPK1 (PDK1),PDK1,AGC,3orz,A,B,Human,"3-(1H-INDOL-3-YL)-4-{1-[2-(1-METHYLPYRROLIDIN-2-YL)ETHYL]-1H-INDOL-3-YL}-1H-PYRROLE-2,5-DIONE",BI4,4-[4-(3-chlorophenyl)piperazin-1-yl]-4-oxobutane-1-thiol,2A2,in,in,Type I,Y
PDPK1 (PDK1),PDK1,AGC,5lvn,A,A,Human,ADENOSINE,ADN,DITHIANE DIOL,DTD,in,in,Type I,Y
PDPK1 (PDK1),PDK1,AGC,5ho8,A,A,Human,"4-butyl-6-(1H-pyrrolo[2,3-b]pyridin-3-yl)pyrimidin-2-amine",63E,-,-,in,in,Type I,Y
PRKCQ (PKCt),PKC,AGC,4ra5,A,A,Human,"(1R)-9-[(1,3-dimethylazetidin-3-yl)(methyl)amino]-1-methyl-8-phenyl-3,5-dihydro[1,2,4]triazino[3,4-c][1,4]benzoxazin-2(1H)-one",3L0,-,-,in,in,Type I,Y
ITK,Tec,TK,4qd6,B,A,Human,trans-4-({6-[(5-phenyl-1H-pyrazol-3-yl)amino]-4-(phenylsulfonyl)pyridin-2-yl}amino)cyclohexanol,30T,-,-,in,out,Type I,Y
PIK3CA (p110a),PIK,Atypical,6gvh,A,A,Human,"5-(6-azanyl-4-chloranyl-1-propan-2-yl-pyrazolo[3,4-d]pyrimidin-3-yl)-1,3-benzoxazol-2-amine",FDH,-,-,in,in,Type I,Y
ULK2,ULK,Other,6qav,C,A,Human,"~{N}-[3-[[5-cyclopropyl-2-[(2-methyl-3,4-dihydro-1~{H}-isoquinolin-6-yl)amino]pyrimidin-4-yl]amino]propyl]cyclobutanecarboxamide",HVH,-,-,in,in,Type I,Y
TTK,TTK,Other,5ei8,A,-,Human,"~{N}-[2-methoxy-4-(1-methylpyrazol-4-yl)phenyl]-8-(1-methylpyrazol-4-yl)pyrido[3,4-d]pyrimidin-2-amine",5OE,-,-,in,in,Type I,Y
BTK,Tec,TK,5fbo,A,B,Human,"4-[8-azanyl-3-[(3~{R},6~{S})-1-cyclopropylcarbonyl-6-methyl-piperidin-3-yl]imidazo[1,5-a]pyrazin-1-yl]-3-fluoranyl-~{N}-[4-(trifluoromethyl)pyridin-2-yl]benzamide",5WH,3-nitro-N-[1-phenyl-5-(piperidin-1-ylmethyl)-1H-benzimidazol-2-yl]benzamide,T20,in,in,Type I,Y
BTK,Tec,TK,4rx5,A,B,Human,"N-(6-fluoro-2-methyl-3-{5-[(5-methyl-4,5,6,7-tetrahydropyrazolo[1,5-a]pyrazin-2-yl)amino]-6-oxo-1,6-dihydropyridazin-3-yl}phenyl)-1-benzothiophene-2-carboxamide",3YO,2-(2-METHOXYETHOXY)ETHANOL,PG0,in,out,Type I,Y
BTK,Tec,TK,4zlz,A,B,Human,4-amino-8-(4-methylpyridin-3-yl)cinnoline-3-carboxamide,4RV,-,-,in,out,Type I,Y
PIK3CA (p110a),PIK,Atypical,8sbc,A,A,Human,"(2M)-7-[(3R)-3-methylmorpholin-4-yl]-5-[(3S)-3-methylmorpholin-4-yl]-2-(pyridin-2-yl)-1H-imidazo[4,5-b]pyridine",ZTV,-,-,in,in,Type I,Y
CAMKK2 (CaMKK2),CAMKK,Other,6cmj,B,A,Human,"2-(2-methylpropyl)-4-(5-phenyl-1H-pyrrolo[2,3-b]pyridin-3-yl)benzoic acid",F6J,-,-,in,in,Type I,Y
CSNK2A1 (CK2a1),CK2,CMGC,7b8h,A,B,Human,NICOTINIC ACID,NIO,-,-,in,in,Type I,Y
CSNK2A1 (CK2a1),CK2,CMGC,5clp,A,B,Human,"2-(3,4-dichlorophenyl)ethanamine",42J,"2-(3,4-dichlorophenyl)ethanamine",42J,in,in,Type I,Y
CSNK2A1 (CK2a1),CK2,CMGC,7at5,A,B,Human,"~{N}'-[2-(3,4-dichlorophenyl)ethyl]-~{N}-[4-[4,5,6,7-tetrakis(bromanyl)benzimidazol-1-yl]butyl]butanediamide",RXE,"2-(3,4-dichlorophenyl)ethanamine",42J,in,in,Type I,Y
CSNK2A1 (CK2a1),CK2,CMGC,5osz,A,B,Human,2-(1~{H}-benzimidazol-2-yl)ethyl-[[3-chloranyl-4-(2-ethylphenyl)phenyl]methyl]azanium,AHK,2-(1~{H}-benzimidazol-2-yl)ethyl-[[3-chloranyl-4-(2-ethylphenyl)phenyl]methyl]azanium,AHK,in,in,Type I,Y
CAMKK2 (CaMKK2),CAMKK,Other,5vt1,A,-,Human,"4-({5-[(3-hydroxy-4-methylphenyl)amino]-4-oxo-4H-1,2,6-thiadiazin-3-yl}amino)benzamide",9JS,-,-,in,in,Type I,Y
CSNK1D (CK1d),CK1,CK1,4kba,C,B,Human,"9-[3-(4-fluorophenyl)-1-methyl-1H-pyrazol-4-yl]-2,3,4,5-tetrahydropyrido[2,3-f][1,4]oxazepine",1QM,-,-,in,in,Type I,Y
JAK3,JakA,TK,4i6q,A,-,Human,"N-[(1S)-1-cyclopropylethyl]-2-phenoxy-5H-pyrrolo[2,3-b]pyrazine-7-carboxamide",1DT,1-phenylurea,PHU,in,in,Type I,Y
ROCK2,DMPK,AGC,6p5p,C,-,Human,"2-[(2S)-1-azabicyclo[2.2.2]octan-2-yl]-6-(5-methyl-1H-pyrazol-4-yl)thieno[3,2-d]pyrimidin-4(3H)-one",O1V,-,-,in,in,Type I,Y
CSNK1G3 (CK1g3),CK1,CK1,6gro,A,B,Human,4-[5-(2-azanylpyrimidin-4-yl)-4-(4-fluorophenyl)imidazol-1-yl]cyclohexan-1-ol,F92,-,-,in,in,Type I,Y
CSNK2A1 (CK2a1),CK2,CMGC,3bqc,A,A,Human,"3-METHYL-1,6,8-TRIHYDROXYANTHRAQUINONE",EMO,-,-,in,in,Type I,Y
BTK,Tec,TK,4otr,A,-,Human,"6-cyclopropyl-2-[3-(5-{[5-(4-ethylpiperazin-1-yl)pyridin-2-yl]amino}-1-methyl-6-oxo-1,6-dihydropyridin-3-yl)-2-(hydroxymethyl)phenyl]-8-fluoroisoquinolin-1(2H)-one",2V3,-,-,in,out,Type I,Y
CSNK2A1 (CK2a1),CK2,CMGC,5ot5,A,A,Human,~{N}-[[3-chloranyl-4-(2-ethylphenyl)phenyl]methyl]-2-(7-methyl-1~{H}-benzimidazol-2-yl)ethanamine,AWK,-,-,in,in,Type I,Y
ROCK2,DMPK,AGC,7jnt,B,B,Human,"N-[(3-methoxyphenyl)methyl]-5H-[1]benzopyrano[3,4-c]pyridine-8-carboxamide",VFA,-,-,in,in,Type I,Y
FGFR2,FGFR,TK,7kie,B,A,Human,N-{4-[(E)-2-{4-(4-methylpiperazin-1-yl)-6-[(5-methyl-1H-pyrazol-3-yl)amino]pyrimidin-2-yl}ethenyl]phenyl}prop-2-enamide,WF7,-,-,in,in,Type I,Y
TBK1,IKK,Other,4im0,A,B,Human,N-{3-[(5-cyclopropyl-2-{[3-(morpholin-4-ylmethyl)phenyl]amino}pyrimidin-4-yl)amino]propyl}cyclobutanecarboxamide,1FV,-,-,in,out,Type I,Y
TBK1,IKK,Other,4euu,A,A,Human,N-(3-{[5-iodo-4-({3-[(thiophen-2-ylcarbonyl)amino]propyl}amino)pyrimidin-2-yl]amino}phenyl)pyrrolidine-1-carboxamide,BX7,-,-,in,in,Type I,Y
CSNK2A2 (CK2a2),CK2,CMGC,6qy8,D,A,Human,"2-(3-FLUORO-4-HYDROXYPHENYL)-7-VINYL-1,3-BENZOXAZOL-5-OL",41,-,-,in,in,Type I,Y
CSNK2A1 (CK2a1),CK2,CMGC,5owl,B,B,Human,"3-[4,5,6,7-tetrakis(bromanyl)benzimidazol-1-yl]propan-1-amine",B0K,-,-,in,in,Type I,Y
CSNK2A1 (CK2a1),CK2,CMGC,6ehu,A,A,Human,2-(1~{H}-benzimidazol-2-yl)-~{N}-[[4-(2-ethylphenyl)-3-(trifluoromethyl)phenyl]methyl]ethanamine,B5E,2-(1~{H}-benzimidazol-2-yl)-~{N}-[[4-(2-ethylphenyl)-3-(trifluoromethyl)phenyl]methyl]ethanamine,B5E,in,in,Type I,Y
CSNK2A1 (CK2a1),CK2,CMGC,4uba,A,-,Human,"4-(6,8-dibromo-3-hydroxy-4-oxo-4H-chromen-2-yl)benzoic acid",3G5,-,-,in,in,Type I,Y
CSNK2A1 (CK2a1),CK2,CMGC,5mo6,A,B,Human,3-[3-[(3-chloranyl-4-phenyl-phenyl)methylamino]propylamino]-3-oxidanylidene-propanoic acid,KXZ,-,-,in,in,Type I,Y
CSNK2A1 (CK2a1),CK2,CMGC,5oum,A,B,Human,~{N}-[(3-chloranyl-4-phenyl-phenyl)methyl]-2-(1~{H}-imidazol-2-yl)ethanamine,AVK,-,-,in,in,Type I,Y
BTK,Tec,TK,4yhf,A,A,Human,"(2S)-2-({(3R)-3-[4-amino-3-(4-phenoxyphenyl)-1H-pyrazolo[3,4-d]pyrimidin-1-yl]piperidin-1-yl}carbonyl)-4,4-dimethylpentanenitrile",4C9,-,-,in,out,Type I,Y
BTK,Tec,TK,7kxl,A,A,Human,"3-tert-butyl-N-({2-fluoro-4-[2-(1-methyl-1H-pyrazol-4-yl)-1H-imidazo[4,5-b]pyridin-7-yl]phenyl}methyl)-1,2,4-oxadiazole-5-carboxamide",X9J,-,-,in,out,Type I,Y
BTK,Tec,TK,6bkw,A,A,Human,"N-(3-{5-[(1,5-dimethyl-1H-pyrazol-3-yl)amino]-1-methyl-6-oxo-1,6-dihydropyridazin-3-yl}-2,6-difluorophenyl)-4,5,6,7-tetrahydro-1-benzothiophene-2-carboxamide",DXM,triphenylphosphane,FPZ,in,out,Type I,Y
BTK,Tec,TK,6nzm,A,B,Human,"N-[2-fluoro-6-(pyrrolidin-1-yl)phenyl]-N'-{3-[(2R)-1-(2-hydroxyethyl)-4-(7H-pyrrolo[2,3-d]pyrimidin-4-yl)piperazin-2-yl]phenyl}urea",L9S,-,-,in,out,Type I,Y
CSNK2A1 (CK2a1),CK2,CMGC,5cu2,B,A,Human,methyl 3-[(3-{[(2-chlorobiphenyl-4-yl)methyl]amino}propyl)amino]-3-oxopropanoate,551,methyl 3-[(3-{[(2-chlorobiphenyl-4-yl)methyl]amino}propyl)amino]-3-oxopropanoate,551,in,in,Type I,Y
CSNK2A1 (CK2a1),CK2,CMGC,7qge,A,B,Human,"4,5,6,7-TETRABROMOBENZOTRIAZOLE",TBS,-,-,in,in,Type I,Y
FGFR2,FGFR,TK,6agx,C,B,Human,"ethyl [4-({3-[2-(3,5-dimethoxyphenyl)ethyl]-5H-pyrrolo[2,3-b]pyrazin-5-yl}sulfonyl)-1H-imidazol-1-yl]acetate",9WX,-,-,in,in,Type I,Y
CSNK2A1 (CK2a1),CK2,CMGC,7x4h,A,A,Human,5-azanyl-3-[(~{Z})-1-cyano-2-(1~{H}-indol-3-yl)ethenyl]-1~{H}-pyrazole-4-carbonitrile,8BH,5-azanyl-3-[(~{Z})-1-cyano-2-(1~{H}-indol-3-yl)ethenyl]-1~{H}-pyrazole-4-carbonitrile,8BH,in,in,Type I,Y
CSNK2A1 (CK2a1),CK2,CMGC,7zwe,A,B,Human,"7-(1~{H}-indol-2-yl)-5-methyl-~{N}-(3,4,5-trimethoxyphenyl)imidazo[5,1-f][1,2,4]triazin-2-amine",QXZ,-,-,in,in,Type I,Y
Btk (BTK),Tec,TK,8s93,A,A,Mouse,"2-[3'-(hydroxymethyl)-1-methyl-5-({5-[(2S)-2-methyl-4-(oxetan-3-yl)piperazin-1-yl]pyridin-2-yl}amino)-6-oxo[1,6-dihydro[3,4'-bipyridine]]-2'-yl]-7,7-dimethyl-3,4,7,8-tetrahydro-2H-cyclopenta[4,5]pyrrolo[1,2-a]pyrazin-1(6H)-one",9AJ,-,-,in,out,Type I,Y
BTK,Tec,TK,7l5p,A,A,Human,"(2E)-2-{(3R)-3-[4-amino-3-(2-fluoro-4-phenoxyphenyl)-1H-pyrazolo[3,4-d]pyrimidin-1-yl]piperidine-1-carbonyl}-4-methyl-4-[4-(oxetan-3-yl)piperazin-1-yl]pent-2-enenitrile",R1L,-,-,in,out,Type I,Y
DYRK1A,DYRK,CMGC,4yu2,B,A,Human,(1-chloro-7-methoxy-9H-beta-carbolin-9-yl)acetonitrile,4H5,-,-,in,in,Type I,Y
ACVR1 (ALK2),STKR,TKL,6t8n,A,B,Human,"cyclopropyl-[4-[6-[5-(4-ethoxy-1-propan-2-yl-piperidin-4-yl)pyridin-2-yl]pyrrolo[1,2-b]pyridazin-4-yl]piperazin-1-yl]methanone",MVE,-,-,in,in,Type I,Y
ROS1 (ROS),Sev,TK,7z5x,A,-,Human,"(2R)-2-[5-(6-amino-5-{(1R)-1-[2-(1,3-dihydro-2H-1,2,3-triazol-2-yl)-5-fluorophenyl]ethoxy}pyridin-3-yl)-4-methyl-1,3-thiazol-2-yl]propane-1,2-diol",AWJ,-,-,in,in,Type I,Y
GSK3B,GSK,CMGC,3zrl,B,B,Human,"7-BROMO-2-PYRIDIN-4-YL-5H-THIENO[3,2-C]PYRIDIN-4-ONE",ZRL,-,-,in,in,Type I,Y
CSNK2A1 (CK2a1),CK2,CMGC,5cu3,B,A,Human,N-[(2-chlorobiphenyl-4-yl)methyl]-beta-alanyl-N-(3-carboxyphenyl)-beta-alaninamide,54S,-,-,in,in,Type I,Y
CSNK2A1 (CK2a1),CK2,CMGC,6q4q,A,B,Human,BENZOIC ACID,BEZ,-,-,in,in,Type I,Y
CSNK2A1 (CK2a1),CK2,CMGC,6ehk,A,A,Human,"2-(1~{H}-benzimidazol-2-yl)-~{N}-[[3,5-bis(chloranyl)-4-(2-ethylphenyl)phenyl]methyl]ethanamine",AUW,-,-,in,in,Type I,Y
BTK,Tec,TK,4ot5,A,-,Human,"4-tert-butyl-N-{3-[8-({4-[(4-methylpiperazin-1-yl)carbonyl]phenyl}amino)imidazo[1,2-a]pyrazin-6-yl]phenyl}benzamide",481,-,-,in,out,Type I,Y
FGFR2,FGFR,TK,8swe,A,B,Human,"N-{4-[4-amino-5-(4-methoxyphenyl)-7-methyl-7H-pyrrolo[2,3-d]pyrimidin-6-yl]phenyl}prop-2-enamide",WXQ,GLUTATHIONE,GSH,in,in,Type I,Y
CDK2,CDK,CMGC,1pxo,A,A,Human,[4-(2-AMINO-4-METHYL-THIAZOL-5-YL)-PYRIMIDIN-2-YL]-(3-NITRO-PHENYL)-AMINE,CK7,-,-,in,out,Type I,Y
TBK1,IKK,Other,6cq5,A,-,Human,"2-amino-7-(1,1-dioxo-1lambda~6~-thian-4-yl)-5-oxo-5H-[1]benzopyrano[2,3-b]pyridine-3-carboxylic acid",F8S,-,-,in,out,Type I,Y
DYRK1A,DYRK,CMGC,5a4q,A,-,Human,"N-(5-CHLORANYL-1,3-BENZOTHIAZOL-2-YL)ETHANAMIDE",Y3L,-,-,in,in,Type I,Y
DYRK1A,DYRK,CMGC,4ylj,C,A,Human,"10-iodo-11H-indolo[3,2-c]quinoline-6-carboxylic acid",4E+01,-,-,in,in,Type I,Y
MAP3K5,STE11,STE,7mu7,A,B,Human,"3-methoxy-N-{6-[4-(propan-2-yl)-4H-1,2,4-triazol-3-yl]pyridin-2-yl}-1-(pyrazin-2-yl)-1H-pyrazole-4-carboxamide",RFG,-,-,in,in,Type I,Y
CDK2,CDK,CMGC,2c5x,C,B,Human,"HYDROXY(OXO)(3-{[(2Z)-4-[3-(1H-1,2,4-TRIAZOL-1-YLMETHYL)PHENYL]PYRIMIDIN-2(5H)-YLIDENE]AMINO}PHENYL)AMMONIUM",MTW,-,-,in,in,Type I,Y
CDK2,CDK,CMGC,4d1x,A,-,Human,"(4S)-2-(6-hydroxy-1,3-benzothiazol-2-yl)-4,5-dihydro-1,3-thiazole-4-carboxylic acid",ESJ,-,-,in,out,Type I,Y
CDK2,CDK,CMGC,2x1n,A,A,Human,"2-METHYL-N-[(1Z)-3-NITROCYCLOHEXA-2,4-DIEN-1-YLIDENE]-4,5-DIHYDRO[1,3]THIAZOLO[4,5-H]QUINAZOLIN-8-AMINE",X1N,-,-,in,in,Type I,Y
CSNK2A1 (CK2a1),CK2,CMGC,5oti,A,A,Human,~{N}-[[3-chloranyl-4-(2-ethylphenyl)phenyl]methyl]-2-(5-methyl-1~{H}-benzimidazol-2-yl)ethanamine,AOK,-,-,in,in,Type I,Y
CSNK2A1 (CK2a1),CK2,CMGC,6eii,A,A,Human,(3-chloranyl-4-phenyl-phenyl)methyl-(3-phenylpropyl)azanium,B5W,-,-,in,in,Type I,Y
CSNK2A1 (CK2a1),CK2,CMGC,7a4b,B,B,Human,"5,6-dibromo-1H-triazolo[4,5-b]pyridine",QXW,-,-,in,in,Type I,Y
PIM1,PIM,CAMK,4lmu,A,B,Human,"3,5,7,3',4'-PENTAHYDROXYFLAVONE",QUE,-,-,in,in,Type I,Y
FGFR1,FGFR,TK,6itj,B,B,Human,"4-azanyl-3-(3,5-dimethyl-1-benzofuran-2-yl)-2-phenyl-6~{H}-pyrazolo[3,4-d]pyridazin-7-one",AXU,-,-,in,in,Type I,Y
CHEK1 (CHK1),CAMKL,CAMK,4ft5,A,B,Human,1-{5-chloro-2-[(3R)-pyrrolidin-3-yloxy]phenyl}-3-(5-cyanopyrazin-2-yl)urea,H2K,-,-,in,in,Type I,Y
PIK3CG (p110g),PIK,Atypical,3t8m,A,-,Human,"N~2~-{2-chloro-4-[(4-methylpiperazin-1-yl)carbonyl]phenyl}-N~2~,N~8~-dimethyl-4,5-dihydrothieno[3,2-d][1]benzoxepine-2,8-dicarboxamide",3T8,-,-,in,in,Type I,Y
CSNK2A1 (CK2a1),CK2,CMGC,8c6m,A,B,Human,"(5~{Z})-5-[(3-methoxy-4-oxidanyl-phenyl)methylidene]-1,3-thiazolidine-2,4-dione",TNO,-,-,in,in,Type I,Y
BTK,Tec,TK,8fll,A,A,Human,pirtobrutinib,Y7W,-,-,in,out,Type I,Y
PTK2 (FAK),FAK,TK,3bz3,A,A,Human,"N-methyl-N-{3-[({2-[(2-oxo-2,3-dihydro-1H-indol-5-yl)amino]-5-(trifluoromethyl)pyrimidin-4-yl}amino)methyl]pyridin-2-yl}methanesulfonamide",YAM,-,-,in,in,Type I,Y
CSNK2A1 (CK2a1),CK2,CMGC,6hbn,B,B,Human,"5-propan-2-yl-4-prop-2-enoxy-7,8-dihydro-6~{H}-indeno[1,2-b]indole-9,10-dione",FXB,-,-,in,in,Type I,Y
BTK,Tec,TK,5p9g,A,B,Human,6-cyclopropyl-8-fluoranyl-2-[2-(hydroxymethyl)-3-[1-methyl-5-[[5-(4-methylpiperazin-1-yl)pyridin-2-yl]amino]-6-oxidanylidene-pyridin-3-yl]phenyl]isoquinolin-1-one,7G6,-,-,in,out,Type I,Y
BTK,Tec,TK,8e2m,A,C,Human,"(5P)-5-[4-methyl-6-(2-methylpropyl)pyridin-3-yl]-4-oxo-N-[(1R,2S)-2-propanamidocyclopentyl]-4,5-dihydro-3H-1-thia-3,5,8-triazaacenaphthylene-2-carboxamide",UB6,-,-,in,out,Type I,Y
CSNK2A1 (CK2a1),CK2,CMGC,5n9l,A,A,Human,"(4~{Z})-6,7-bis(chloranyl)-4-[[(4-methylphenyl)amino]methylidene]-8-oxidanyl-1,2-dihydrodibenzofuran-3-one",8QH,-,-,in,in,Type I,Y
CSNK2A1 (CK2a1),CK2,CMGC,5moh,A,A,Human,2-(3-methoxy-4-oxidanyl-phenyl)ethanoic acid,YTX,-,-,in,in,Type I,Y
CSNK2A1 (CK2a1),CK2,CMGC,4gub,A,-,Human,"N-[5-({3-cyano-7-[(1-methyl-1H-imidazol-4-yl)amino]pyrazolo[1,5-a]pyrimidin-5-yl}amino)-2-methylphenyl]acetamide",0Y4,-,-,in,in,Type I,Y
MAPK14 (p38a),MAPK,CMGC,1bl7,A,-,Human,4-(4-FLUOROPHENYL)-1-(4-PIPERIDINYL)-5-(2-AMINO-4-PYRIMIDINYL)-IMIDAZOLE,SB4,-,-,in,in,Type I,Y
CSNK2A1 (CK2a1),CK2,CMGC,5cu0,B,A,Human,N-(3-{[(2-chlorobiphenyl-4-yl)methyl]amino}propyl)acetamide,54R,N-(3-{[(2-chlorobiphenyl-4-yl)methyl]amino}propyl)acetamide,54R,in,in,Type I,Y
CSNK2A1 (CK2a1),CK2,CMGC,5h8g,A,-,Human,"~{N}-[5-[[3-cyano-7-(cyclopropylamino)pyrazolo[1,5-a]pyrimidin-5-yl]amino]-2-[2-(dimethylamino)ethyl-methyl-amino]phenyl]ethanamide",5Y4,-,-,in,in,Type I,Y
CSNK2A1 (CK2a1),CK2,CMGC,6tlv,A,A,Human,6-bromanyl-1~{H}-benzotriazole,NKW,6-bromanyl-1~{H}-benzotriazole,NKW,in,in,Type I,Y
CSNK2A1 (CK2a1),CK2,CMGC,6yph,A,B,Human,"4-[(4-naphthalen-2-yl-1,3-thiazol-2-yl)amino]-2-oxidanyl-benzoic acid",N5Q,-,-,in,in,Type I,Y
CSNK2A1 (CK2a1),CK2,CMGC,5csv,A,A,Human,3-AMINOBENZOIC ACID,GAB,-,-,in,in,Type I,Y
CSNK2A1 (CK2a1),CK2,CMGC,6z84,B,-,Human,"~{N}-[1-[3-cyano-7-(cyclopropylamino)pyrazolo[1,5-a]pyrimidin-5-yl]indol-6-yl]ethanamide",QB8,-,-,in,in,Type I,Y
CSNK2A1 (CK2a1),CK2,CMGC,3u9c,A,-,Human,7-hydroxy-3H-phenoxazin-3-one,04G,-,-,in,in,Type I,Y
CSNK2A1 (CK2a1),CK2,CMGC,5ots,A,A,Human,"2-(1~{H}-benzimidazol-2-yl)ethyl-[[3,5-bis(chloranyl)-4-phenyl-phenyl]methyl]azanium",AU2,"2-(1~{H}-benzimidazol-2-yl)ethyl-[[3,5-bis(chloranyl)-4-phenyl-phenyl]methyl]azanium",AU2,in,in,Type I,Y
BTK,Tec,TK,7r61,A,B,Human,5-{(3S)-1-[(Z)-iminomethyl]piperidin-3-yl}-2-(4-phenoxyphenoxy)pyridine-3-carboxamide,2IJ,-,-,in,out,Type I,Y
