kinase,gene,uniprot,provenance,n_structures,n_dfg_in,n_dfg_out,accessible_states,n_type1_inhibitors,n_type2_inhibitors,type1_inhibitors,type2_inhibitors,type2_opportunity,med_dfg_achelix_distance_A,med_hinge_angle_deg,n_descriptors
HGK,MAP4K4,O95819,experimental,60,28,32,DFG-in|DFG-out,13,0,"2QT,2QU,2QV,3C8,3D8,3D9,3DC,3XM,4P4,4QG,5DF,6HH,9X4",,1.399,,,0
ROR2,ROR2,Q01974,experimental,8,0,8,DFG-out,0,0,,,1.193,,,0
RSK4,RPS6KA6,Q9UK32,experimental,6,0,6,DFG-out,0,0,,,1.056,,,0
LRRK2,LRRK2,Q5S007,experimental,43,1,41,DFG-in|DFG-out,0,1,,T3X,0.989,,,0
ILK,ILK,Q13418,experimental,4,0,4,DFG-out,0,0,,,0.874,,,0
CCK4,PTK7,Q13308,experimental,3,0,3,DFG-out,0,0,,,0.753,,,0
SgK495,STK40,Q8N2I9,experimental,8,4,4,DFG-in|DFG-out,0,0,,,0.716,,,0
LRRK1,LRRK1,Q38SD2,experimental,4,1,3,DFG-in|DFG-out,0,0,,,0.699,,,0
STLK5,STRADA,Q7RTN6,experimental,4,1,3,DFG-in|DFG-out,0,0,,,0.699,,,0
TRRAP,TRRAP,Q9Y4A5,experimental,4,0,3,DFG-out,0,0,,,0.699,,,0
CK2a1,CSNK2A1,P68400,experimental,595,593,0,DFG-in,138,0,"01I,041,04G,0XG,0Y4,14I,18E,19E,1EL,1KP,3G5,3NG,42J,4B0,4IH",,0.694,,,0
CDK6,CDK6,Q00534,experimental,21,16,5,DFG-in|DFG-out,13,0,"0RS,24V,3NU,3NV,4AU,6ZV,6ZZ,AP9,FSE,LQQ,N1A,N1J,NJ6",,0.655,,,0
VRK1,VRK1,Q99986,experimental,209,205,4,DFG-in|DFG-out,18,0,"584,7DZ,8E1,E1D,E5M,E8D,E8V,EA7,F7D,F87,F8Y,FBY,FCS,G6J,KWJ",,0.625,,,0
RAF1,RAF1,P04049,experimental,7,4,3,DFG-in|DFG-out,2,0,"29L,SM5",,0.613,,,0
Trb1,TRIB1,Q96RU8,experimental,7,4,3,DFG-in|DFG-out,0,0,,,0.613,,,0
Erk2,MAPK1,P28482,experimental,275,259,0,DFG-in,113,0,"08G,19A,1FM,2AI,2SH,33A,35W,35X,362,363,36N,36O,36Q,36R,38Z",,0.61,,,0
PIM1,PIM1,P11309,experimental,274,274,0,DFG-in,162,0,"01I,0F5,0F9,0FK,0FN,0FO,0FR,0FS,1DR,1N6,1OA,1OB,1OC,1RO,26K",,0.61,,,0
DYRK1A,DYRK1A,Q13627,experimental,257,257,0,DFG-in,78,0,"2C3,2C4,2K2,3NG,3RA,4E1,4E2,4E3,4H5,4VZ,4WD,5PW,6SD,6ZV,7QQ",,0.603,,,0
LMR3,LMTK3,Q96Q04,experimental,2,0,2,DFG-out,0,0,,,0.596,,,0
NEK1,NEK1,Q96PY6,experimental,8,0,8,DFG-out,0,1,,CK7,0.596,,,0
NDR1,STK38,Q15208,experimental,2,0,2,DFG-out,0,0,,,0.596,,,0
CHK1,CHEK1,O14757,experimental,237,236,0,DFG-in,143,0,"07S,09H,12C,199,1AM,1AO,1HK,1KO,22K,2HK,306,373,3A3,3B3,3C3",,0.594,,,0
GSK3B,GSK3B,P49841,experimental,214,214,0,DFG-in,72,0,"0KD,1JX,2WE,2WF,2WG,34O,39I,3HT,3NG,3UO,3UP,553,55E,65A,65C",,0.583,,,0
ALK2,ACVR1,Q04771,experimental,202,202,0,DFG-in,28,0,"507,5U6,7IO,844,9TO,A3F,B4B,B4E,C87,C9U,E26,EUN,EZB,FH0,H8H",,0.577,,,0
MARK1,MARK1,Q9P0L2,experimental,12,5,3,DFG-in|DFG-out,0,0,,,0.557,,,0
CK1d,CSNK1D,P48730,experimental,166,166,0,DFG-in,27,0,"0CK,15G,16W,1QG,1QJ,1QM,1QN,1QO,37J,386,9WG,9XK,AUE,AUG,C9Z",,0.556,,,0
ErbB3,ERBB3,P21860,experimental,16,13,3,DFG-in|DFG-out,1,0,DB8,,0.538,,,0
JAK1,JAK1,P23458,experimental,139,139,0,DFG-in,41,0,"0NH,0NL,0NT,0Q2,0UJ,15T,1J5,1J6,1Q3,1Q4,5JG,66P,6TE,9T6,B7V",,0.537,,,0
CDK7,CDK7,P50613,experimental,18,15,3,DFG-in|DFG-out,3,0,"I74,V0G,WZ8",,0.533,,,0
FGFR2,FGFR2,P21802,experimental,116,116,0,DFG-in,15,0,"3RH,47I,9WX,AA2,EVC,EVL,KX0,M33,TZ0,U9P,UIM,WCJ,WF7,WFD,WXQ",,0.517,,,0
p110g,PIK3CG,P48736,experimental,114,114,0,DFG-in,99,0,"039,090,093,0KO,0SC,0SD,0SE,0TA,0TB,0TZ,0U0,0VU,0W7,0WR,13K",,0.515,,,0
JAK3,JAK3,P52333,experimental,109,109,0,DFG-in,41,0,"19Q,19R,19S,1DT,1NX,37Q,3C9,3QX,4LH,4ST,79R,79S,79T,7H4,7KU",,0.51,,,0
MAPKAPK2,MAPKAPK2,P49137,experimental,108,108,0,DFG-in,16,0,"05B,793,B18,B97,B98,CD2,F10,HGF,L8I,LX9,MK2,MK3,P4O,PDY,STU",,0.509,,,0
DAPK1,DAPK1,P53355,experimental,106,106,0,DFG-in,23,0,"2AN,38G,3GU,3RL,47X,4FT,8KZ,AGI,BD4,DKG,DRG,EZE,GEN,GUB,KMP",,0.507,,,0
MST3,STK24,Q9Y6E0,experimental,59,57,2,DFG-in|DFG-out,31,0,"1N1,34L,34U,34W,35R,3FE,3JA,3JB,59T,627,ADE,B49,DB8,DKI,H1N",,0.505,,,0
CLK1,CLK1,P49759,experimental,102,102,0,DFG-in,33,0,"06N,3NG,5ID,6FB,6FD,7A7,DBQ,E6T,E6W,EAE,EAQ,FG9,H3E,H3H,H3N",,0.503,,,0
PKACa,PRKACA,P17612,experimental,94,94,0,DFG-in,32,0,"1SB,2SB,35R,3SB,495,4L7,4SB,4W1,504,796,8BQ,A03,E3Z,EE4,I5G",,0.494,,,0
MAP2K4,MAP2K4,P45985,experimental,6,4,2,DFG-in|DFG-out,0,0,,,0.493,,,0
DDR2,DDR2,Q16832,experimental,14,0,14,DFG-out,0,2,,"4VD,D6Q",0.49,,,0
PI4K2B,PI4K2B,Q8TCG2,experimental,5,0,5,DFG-out,0,1,,L6A,0.486,,,0
TTK,TTK,P33981,experimental,83,83,0,DFG-in,58,0,"052,0SQ,1O5,1PF,1PH,2QK,3D7,4T9,537,5NW,5O1,5O4,5O7,5OE,5OQ",,0.481,,,0
ITK,ITK,Q08881,experimental,81,81,0,DFG-in,30,0,"0F2,0G1,0G2,13J,13L,18R,29Y,29Z,2VT,2VU,2VV,2VW,2W6,30T,3P6",,0.478,,,0
TGFbR1,TGFBR1,P36897,experimental,75,75,0,DFG-in,26,0,"085,3WA,3WJ,3WK,3WN,3WO,460,55F,580,5L4,855,8LY,D0A,J2M,J2V",,0.47,,,0
CK2a2,CSNK2A2,P19784,experimental,74,74,0,DFG-in,24,0,"041,3NG,42J,4B0,7FC,8BH,9YE,CCK,E3U,FXB,GDW,JL2,LN3,N4N,N5Q",,0.469,,,0
PAK4,PAK4,O96013,experimental,72,71,0,DFG-in,22,0,"23D,2OL,2OO,2OQ,4T6,67U,7KC,8FR,8FU,8FX,981,9EO,G5X,GC6,GCC",,0.466,,,0
JNK1,MAPK8,P45983,experimental,70,70,0,DFG-in,18,0,"0NR,1BJ,1BK,1J2,1V5,38Z,537,73Q,859,877,893,ADN,AQ2,CFK,G1W",,0.463,,,0
Haspin,HASPIN,Q8TF76,experimental,66,65,0,DFG-in,22,0,"07C,38Z,5ID,A5G,DZO,EKH,EKK,FTU,IQB,IZZ,PQ5,Q7Q,Q7Z,Q8B,Q8K",,0.457,,,0
TYK2-b,TYK2-b,P29597,experimental,62,62,0,DFG-in,21,0,"2TT,3SM,7GL,IK1,KZJ,L8Y,L91,L9A,LAJ,LB4,LB7,LZN,NM7,UNL,VZG",,0.45,,,0
NEK7,NEK7,Q8TDX7,experimental,27,15,10,DFG-in|DFG-out,1,1,F9N,F9N,0.449,,,0
RET,RET,P07949,experimental,58,56,0,DFG-in,18,0,"7QU,ACK,ADE,ADN,DTQ,H6W,H72,HJ0,PP1,Q4J,Q6G,QX1,VJH,X2K,X2L",,0.443,,,0
CHK2,CHEK2,O96017,experimental,55,55,0,DFG-in,33,0,"A9T,A9U,B4W,CWS,D1A,DBQ,H3R,HAU,HCW,LWH,NXP,ODH,ODO,P3J,RQQ",,0.437,,,0
MNK1,MKNK1,Q9BUB5,experimental,4,0,4,DFG-out,0,1,,7UX,0.437,,,0
CLK3,CLK3,P49761,experimental,54,54,0,DFG-in,14,0,"3NG,3RA,DKI,E6Q,EAE,EAQ,JWN,KHC,PQ5,Q7H,Q7Z,Q8B,Q8T,V25",,0.435,,,0
CaMKK1,CAMKK1,Q8N5S9,experimental,10,0,10,DFG-out,0,2,,"DXV,H1N",0.434,,,0
DNAPK,ANTXR1,Q9H6X2,experimental,47,47,0,DFG-in,4,0,"1IX,2R4,KWT,MBW",,0.42,,,0
CRK7,CDK12,Q9NYV4,experimental,47,47,0,DFG-in,31,0,"5I1,8M1,CJM,RC8,RKO,RLC,RMF,RMX,RNF,RNU,RP9,RPW,RQ5,RQ9,RQE",,0.42,,,0
TNIK,TNIK,Q9UKE5,experimental,29,28,1,DFG-in|DFG-out,6,0,"4KT,58C,824,ADN,JWE,JWK",,0.42,,,0
TYK2,TYK2,P29597,experimental,45,45,0,DFG-in,26,0,"0X2,0X5,0X6,0XH,0XP,2YK,5U3,5U4,9T6,9ZS,G4J,G5D,IZA,MI1,N9G",,0.416,,,0
DAPK2,DAPK2,Q9UIK4,experimental,43,43,0,DFG-in,1,0,IQU,,0.411,,,0
FRAP,MTOR,P42345,experimental,43,43,0,DFG-in,4,0,"17G,P2X,X6K,XZ9",,0.411,,,0
JAK2-b,JAK2-b,O60674,experimental,42,42,0,DFG-in,21,0,"2HB,35R,3YT,4SP,584,5BS,7DZ,8MY,AQG,DQX,E4V,EKT,IK1,J9D,M3A",,0.408,,,0
DYRK2,DYRK2,Q92630,experimental,40,40,0,DFG-in,23,0,"3RA,7A7,7AA,CC9,CQO,CUR,FZ5,H5R,H7C,H7F,H7L,H7O,H7R,H7U,H7X",,0.403,,,0
CDK9,CDK9,P50750,experimental,39,39,0,DFG-in,17,0,"ADN,CPB,F18,LCI,NJ6,Q6E,RFZ,SLQ,T3C,T3E,T6Q,T7Z,T9N,TO7,TOJ",,0.401,,,0
PI4KB,PI4KB,Q9UBF8,experimental,36,36,0,DFG-in,14,0,"093,3K7,5S8,5W3,5W6,5W7,5W8,5W9,A1ADE,BQR,EMW,KHR,KI7,KIH",,0.392,,,0
PIK3C3,PIK3C3,Q8NEB9,experimental,35,34,0,DFG-in,8,0,"1TT,5QS,7IH,7IK,7IQ,H2E,OZ8,RBQ",,0.389,,,0
CDK4,CDK4,P11802,experimental,17,16,1,DFG-in|DFG-out,1,0,6ZV,,0.388,,,0
ATM,ATM,Q13315,experimental,15,14,1,DFG-in|DFG-out,2,0,"UF8,UGK",,0.381,,,0
TBK1,TBK1,Q9UHD2,experimental,32,32,0,DFG-in,13,0,"1FV,1H4,ANW,BX7,E0M,E0P,E0S,F8M,F8P,F8S,KHQ,KHT,KJB",,0.38,,,0
BUBR1,BUB1B,O60566,experimental,1,0,1,DFG-out,0,0,,,0.376,,,0
BARK1,GRK2,P25098,experimental,31,31,0,DFG-in,17,0,"29X,8DJ,8DS,8PR,8PV,AFM,AFV,BA1,EJS,KZQ,Q1Y,QRW,SIX,W4D,W4G",,0.376,,,0
HSER,GUCY2C,P25092,experimental,1,0,1,DFG-out,0,0,,,0.376,,,0
SgK223,PRAG1,Q86YV5,experimental,1,0,1,DFG-out,0,0,,,0.376,,,0
CDC2,CDK1,P06493,experimental,28,28,0,DFG-in,6,0,"1QK,4SP,F9Z,FB8,FC8,LZ9",,0.366,,,0
PLK1,PLK1,P53350,experimental,28,28,0,DFG-in,13,0,"071,1J3,1J4,3TA,626,664,79C,79D,8X7,937,939,IBI,R78",,0.366,,,0
Wee1,WEE1,P30291,experimental,28,28,0,DFG-in,22,0,"05J,330,34W,396,61E,770,809,824,839,8X7,96M,98D,98G,98M,99J",,0.366,,,0
NIK,MAP3K14,Q99558,experimental,27,27,0,DFG-in,5,0,"13V,PZ4,Q55,Q58,T28",,0.362,,,0
DAPK3,DAPK3,O43293,experimental,26,26,0,DFG-in,5,0,"4RB,7CP,DUK,IZA,U7E",,0.358,,,0
PHKg1,PHKG1,Q16816,experimental,2,1,1,DFG-in|DFG-out,0,0,,,0.358,,,0
PIK3R4,PIK3R4,Q99570,experimental,2,1,1,DFG-in|DFG-out,0,0,,,0.358,,,0
ULK2,ULK2,Q8IYT8,experimental,26,26,0,DFG-in,4,0,"1FV,EDJ,FE7,HVH",,0.358,,,0
CaMKK2,CAMKK2,Q96RR4,experimental,25,25,0,DFG-in,17,0,"34U,609,6T2,8R4,8R7,91L,91O,91X,92C,9JS,BI9,DXV,E5J,F6J,O7I",,0.354,,,0
CASK,CASK,O14936,experimental,25,25,0,DFG-in,5,0,"3AM,V5W,V62,V6B,V6E",,0.354,,,0
RIOK2,RIOK2,Q9BVS4,experimental,25,25,0,DFG-in,2,0,"5ZH,G8H",,0.354,,,0
CaMK1a,CAMK1,Q14012,experimental,6,5,1,DFG-in|DFG-out,0,0,,,0.352,,,0
EphB3,EPHB3,P54753,experimental,6,0,6,DFG-out,0,2,,"6P6,6P8",0.352,,,0
LKB1,STK11,Q15831,experimental,3,2,1,DFG-in|DFG-out,0,0,,,0.351,,,0
ALK1,ACVRL1,P37023,experimental,24,24,0,DFG-in,1,0,LDN,,0.349,,,0
IRAK3,IRAK3,Q9Y616,experimental,4,3,1,DFG-in|DFG-out,0,0,,,0.349,,,0
TTBK1,TTBK1,Q5TCY1,experimental,24,24,0,DFG-in,11,0,"2KC,9IO,9IV,CGI,DTQ,F8E,IQR,IQY,IRD,VP7,VSY",,0.349,,,0
PKCi,PRKCI,P41743,experimental,23,23,0,DFG-in,3,0,"AFU,BI1,C58",,0.345,,,0
MST2,STK3,Q13188,experimental,23,21,0,DFG-in,1,0,5BS,,0.345,,,0
MST4,STK26,Q9P289,experimental,9,2,7,DFG-in|DFG-out,1,2,59T,"DKI,GVD",0.343,,,0
PKG1,PRKG1,Q13976,experimental,22,22,0,DFG-in,1,0,EE4,,0.34,,,0
Erk5,MAPK7,Q13164,experimental,21,21,0,DFG-in,10,0,"4QX,4QZ,4R0,4WE,4WG,86E,9N8,G92,G9E,R4L",,0.336,,,0
MYT1,PKMYT1,Q99640,experimental,21,21,0,DFG-in,12,0,"1N1,8X7,93J,DB8,H8H,P48,QG5,QGI,QGR,QGY,W9X,XZN",,0.336,,,0
Wnk3,WNK3,Q9BYP7,experimental,21,21,0,DFG-in,2,0,"KS1,WGK",,0.336,,,0
DRAK2,STK17B,O94768,experimental,20,20,0,DFG-in,6,0,"38O,EBD,OBW,OD2,QM2,QUE",,0.331,,,0
ULK1,ULK1,O75385,experimental,20,20,0,DFG-in,6,0,"34W,3RF,3RJ,51W,JVD,WXH",,0.331,,,0
CDK5,CDK5,Q00535,experimental,19,19,0,DFG-in,9,0,"3O0,61U,63I,64V,65L,ALH,IXM,RRC,Z3R",,0.325,,,0
DCLK1,DCLK1,O15075,experimental,19,19,0,DFG-in,6,0,"AN2,GUI,RXT,X7Y,X8J,XBD",,0.325,,,0
EphB1,EPHB1,P54762,experimental,19,19,0,DFG-in,1,0,7O3,,0.325,,,0
FGFR1,FGFR1,P11362,experimental,217,211,6,DFG-in|DFG-out,45,1,"07J,0S7,0S8,0S9,2K5,2K7,2M2,38O,3RH,3ZC,42I,466,47I,4UT,4Y0",0LI,0.325,11.07,52.52,32
DLK,MAP3K12,Q12852,experimental,19,19,0,DFG-in,9,0,"50D,50E,50F,9FS,9FV,SIQ,W38,W3C,W3I",,0.325,,,0
SRPK1,SRPK1,Q96SB4,experimental,19,19,0,DFG-in,6,0,"3UL,80H,EMH,IXQ,RXZ,W4A",,0.325,,,0
INSR,INSR,P06213,experimental,46,24,15,DFG-in|DFG-out,6,2,"112,5JA,60O,GS2,IR1,S91","351,GS3",0.321,,,0
IKKa,CHUK,O15111,experimental,18,12,0,DFG-in,1,0,5TL,,0.32,,,0
CaMK1d,CAMK1D,Q8IU85,experimental,17,13,0,DFG-in,5,0,"M8Z,M92,MMW,QI6,QNR",,0.314,,,0
MAP2K6,MAP2K6,P52564,experimental,13,2,11,DFG-in|DFG-out,2,3,"ANK,AP2","STU,X3K,ZLE",0.314,,,0
p110d,PIK3CD,O00329,experimental,17,17,0,DFG-in,14,0,"5H5,799,7KA,85S,9EM,EO5,I3H,M5D,M5V,P5J,P5V,VBS,Y5Y,YA7",,0.314,,,0
MAP2K1,MAP2K1,Q02750,experimental,120,114,6,DFG-in|DFG-out,23,1,"22T,3BM,3EW,3EY,3V0,4W5,5BM,5EZ,5U5,80C,92P,CHU,EUI,FZC,GIK",E62,0.312,,,0
CK1g3,CSNK1G3,Q9Y6M4,experimental,16,16,0,DFG-in,10,0,"0VM,0VN,0YO,15G,23D,BRK,BRQ,DKI,F92,P01",,0.308,,,0
PDK1,PDPK1,O15530,experimental,128,122,5,DFG-in|DFG-out,42,1,"253,39Z,3Q0,3Q1,3Q2,3Q3,3Q4,3Q5,3Q6,3RC,3RW,3S1,464,517,537",MP7,0.305,,,0
CLK2,CLK2,P49760,experimental,15,15,0,DFG-in,5,0,"3NG,8FY,EAE,EAZ,NR9",,0.301,,,0
PKCt,PRKCQ,Q04759,experimental,15,15,0,DFG-in,5,0,"3L0,5VS,LG8,PZW,STU",,0.301,,,0
p110a,PIK3CA,P42336,experimental,136,132,4,DFG-in|DFG-out,45,1,"1LT,2IX,2Q7,3K6,4EL,4Q2,5H2,5H5,5XV,6CY,799,7TZ,7U5,84R,84U",L2V,0.299,,,0
FLT1,FLT1,P17948,experimental,2,0,2,DFG-out,0,1,,8ST,0.298,,,0
PI4KA,PI4KA,P42356,experimental,2,0,2,DFG-out,0,1,,E4S,0.298,,,0
ROR1,ROR1,Q01973,experimental,2,0,2,DFG-out,0,1,,0LI,0.298,,,0
MSK1-b,RPS6KA5-b,O75582,experimental,14,14,0,DFG-in,5,0,"1LE,O10,O1K,O1R,SUU",,0.294,,,0
TTBK2,TTBK2,Q6IQ55,experimental,14,14,0,DFG-in,4,0,"9IK,9IS,9IV,DTQ",,0.294,,,0
PCTAIRE1,CDK16,Q00536,experimental,4,0,4,DFG-out,0,2,,"919,FEF",0.291,,,0
ZAK,MAP3K20,Q9NYL2,experimental,13,13,0,DFG-in,6,0,"032,7Z0,C9O,C9R,IGS,IGV",,0.287,,,0
MAP3K5,MAP3K5,Q99683,experimental,77,72,4,DFG-in|DFG-out,21,1,"8GS,8GV,8GY,8V4,8V7,9E1,9E4,BH9,IE4,IE6,IE8,IEO,IM6,KK7,KK8",STU,0.286,,,0
ROCK1,ROCK1,Q13464,experimental,75,71,4,DFG-in|DFG-out,24,1,"07Q,07R,0HD,3J7,3NC,3ND,4KH,4KK,4TW,65R,6U1,6U2,86K,8UV,B4J",86G,0.285,,,0
ACK,TNK2,Q07912,experimental,32,28,4,DFG-in|DFG-out,9,1,"1G0,DBQ,LWX,R7P,R9B,T74,T77,T95,WTP",9KO,0.285,,,0
ACTR2,ACVR2A,P27037,experimental,12,12,0,DFG-in,3,0,"6OJ,GVD,TAK",,0.278,,,0
CDC7,CDC7,O00311,experimental,12,10,0,DFG-in,2,0,"0SX,0SY",,0.278,,,0
FGFR3,FGFR3,P22607,experimental,12,12,0,DFG-in,4,0,"EVR,H6X,WGF,WIQ",,0.278,,,0
OSR1,OXSR1,O95747,experimental,12,12,0,DFG-in,0,0,,,0.278,,,0
AMPKa1,PRKAA1,Q13131,experimental,12,8,0,DFG-in,1,0,STU,,0.278,,,0
RSK3-b,RPS6KA1-b,Q15418,experimental,12,12,0,DFG-in,0,0,,,0.278,,,0
YANK1,STK32A,Q8WU08,experimental,12,12,0,DFG-in,1,0,STU,,0.278,,,0
TGFbR2,TGFBR2,P37173,experimental,12,12,0,DFG-in,4,0,"5L4,HJF,J2V,STU",,0.278,,,0
LIMK2,LIMK2,P53671,experimental,10,2,8,DFG-in|DFG-out,1,3,LH0,"35H,9D8,T3B",0.273,,,0
MNK2,MKNK2,Q9HBH9,experimental,14,11,3,DFG-in|DFG-out,10,1,"ET8,F4A,F4G,F4J,F67,FYV,FZJ,N45,STU,X8K",BV9,0.273,,,0
AAK1,AAK1,Q2M2I8,experimental,11,11,0,DFG-in,5,0,"KSA,LKB,XIN,YFV,ZRR",,0.27,,,0
ErbB4,ERBB4,Q15303,experimental,11,11,0,DFG-in,2,0,"FMM,GW7",,0.27,,,0
IKKb,IKBKB,O14920,experimental,11,10,0,DFG-in,1,0,KSA,,0.27,,,0
MARK2,MARK2,Q7KZI7,experimental,11,11,0,DFG-in,4,0,"24R,6Z2,6Z5,SJ0",,0.27,,,0
SRPK2,SRPK2,P78362,experimental,11,11,0,DFG-in,3,0,"IXQ,PVB,W4A",,0.27,,,0
Wnk1,WNK1,Q9H4A3,experimental,11,11,0,DFG-in,1,0,7AV,,0.27,,,0
FAK,PTK2,Q05397,experimental,82,64,14,DFG-in|DFG-out,16,2,"10N,1BQ,4GU,4KA,7PY,H82,K8A,P1E,P4N,P7N,P9K,PKE,PVT,PXK,Q2H","K9Y,KAO",0.269,,,0
SLK,SLK,Q9H2G2,experimental,14,8,6,DFG-in|DFG-out,3,2,"DKI,GUQ,GVD","6UI,AV9",0.266,,,0
AKT2,AKT2,P31751,experimental,27,19,8,DFG-in|DFG-out,9,2,"G93,G95,G96,G98,GVP,I5S,L20,X37,X39","K06,XOO",0.264,,,0
CaMK2a,CAMK2A,Q9UQM7,experimental,36,33,3,DFG-in|DFG-out,3,1,"FEF,HC4,UZD",DB8,0.261,,,0
JNK3,MAPK10,P53779,experimental,102,101,1,DFG-in|DFG-out,51,1,"0EI,0F0,0G3,1RQ,255,33A,34I,3EL,3H8,3HJ,3HN,3HQ,3NL,3WH,446",SYY,0.261,,,0
CaMK2d,CAMK2D,Q13557,experimental,10,10,0,DFG-in,4,0,"9EJ,C2V,GVD,K88",,0.26,,,0
MRCKb,CDC42BPB,Q9Y5S2,experimental,10,10,0,DFG-in,5,0,"3FV,AQ5,AQE,M77,NM7",,0.26,,,0
PKR,EIF2AK2,P19525,experimental,10,10,0,DFG-in,1,0,UH3,,0.26,,,0
GCN2,EIF2AK4,Q9P2K8,experimental,10,5,5,DFG-in|DFG-out,3,2,"38O,KA4,KA7","G41,KAV",0.26,,,0
FES,FES,P07332,experimental,10,10,0,DFG-in,3,0,"9FC,GUI,STU",,0.26,,,0
COT,MAP3K8,P41279,experimental,10,10,0,DFG-in,3,0,"499,49B,6DA",,0.26,,,0
Erk1,MAPK3,P27361,experimental,10,10,0,DFG-in,3,0,"38Z,5ID,6H3",,0.26,,,0
MAPKAPK3,MAPKAPK3,Q16644,experimental,10,10,0,DFG-in,4,0,"05B,F10,I85,P4O",,0.26,,,0
SMG1,SMG1,Q96Q15,experimental,10,10,0,DFG-in,1,0,88C,,0.26,,,0
VRK2,VRK2,Q86Y07,experimental,10,10,0,DFG-in,3,0,"7DZ,IKD,KJD",,0.26,,,0
CDK2,CDK2,P24941,experimental,938,932,4,DFG-in|DFG-out,357,2,"02Z,03K,03Z,04Z,06Z,07Z,08Z,09K,09Z,0BX,0BY,0S0,106,107,10K","26D,LQ5",0.252,10.4,59.4,34
FLT3,FLT3,P36888,experimental,9,0,9,DFG-out,0,4,,"A9R,C6F,F6M,P30",0.25,,,0
KSR1,KSR1,Q8IVT5,experimental,9,6,0,DFG-in,0,0,,,0.25,,,0
MARK3,MARK3,P27448,experimental,9,9,0,DFG-in,1,0,V5E,,0.25,,,0
PI4K2A,PI4K2A,Q9BTU6,experimental,9,9,0,DFG-in,1,0,M59,,0.25,,,0
PLK2,PLK2,Q9NYY3,experimental,9,9,0,DFG-in,5,0,"11G,1C7,1C8,1D1,R78",,0.25,,,0
RIOK1,RIOK1,Q9BRS2,experimental,9,6,0,DFG-in,0,0,,,0.25,,,0
MST1,STK4,Q13043,experimental,9,9,0,DFG-in,4,0,"5BS,OJ5,XOZ,XQL",,0.25,,,0
HCK,HCK,P08631,experimental,49,47,2,DFG-in|DFG-out,21,1,"1BM,B43,KS1,L1G,L2G,L3G,OOO,OOQ,OOS,OOU,OOV,PP1,QUE,SK8,VRZ",VSA,0.247,,,0
Erk3,MAPK6,Q16659,experimental,20,14,6,DFG-in|DFG-out,3,2,"OWQ,OXW,OYB","OWQ,OXW",0.242,,,0
BIKE,BMP2K,Q9NSY1,experimental,8,8,0,DFG-in,5,0,"3JW,6BU,IDK,IDV,YDJ",,0.239,,,0
CK1g2,CSNK1G2,P78368,experimental,8,8,0,DFG-in,1,0,5ID,,0.239,,,0
EphA7,EPHA7,Q15375,experimental,8,6,2,DFG-in|DFG-out,0,1,,IHZ,0.239,,,0
JAK1-b,JAK1-b,P23458,experimental,8,8,0,DFG-in,0,0,,,0.239,,,0
KSR2,KSR2,Q6VAB6,experimental,8,8,0,DFG-in,1,0,6U7,,0.239,,,0
TRKC,NTRK3,Q16288,experimental,8,0,8,DFG-out,0,4,,"0F4,4EJ,DZ6,DZC",0.239,,,0
PHKg2,PHKG2,P15735,experimental,8,8,0,DFG-in,1,0,B49,,0.239,,,0
PKN1,PKN1,Q16512,experimental,8,8,0,DFG-in,2,0,"2V9,MI1",,0.239,,,0
PKCa,PRKCA,P17252,experimental,8,8,0,DFG-in,4,0,"3KZ,LW4,V5U,W39",,0.239,,,0
RSK2-b,RPS6KA3-b,P51812,experimental,8,8,0,DFG-in,5,0,"0JG,0JH,1LB,1LC,1LE",,0.239,,,0
TTN,TTN,Q8WZ42,experimental,8,8,0,DFG-in,0,0,,,0.239,,,0
PDGFRa,PDGFRA,P16234,experimental,15,4,11,DFG-in|DFG-out,3,4,"6T2,9JI,9OO","6T2,748,B49,STI",0.237,,,0
PRP4,PRPF4B,Q13523,experimental,29,24,2,DFG-in|DFG-out,3,1,"1EH,OCJ,OND",919,0.236,,,0
ROCK2,ROCK2,O75116,experimental,54,53,1,DFG-in|DFG-out,9,1,"1WU,3SG,5YS,81G,J0P,O1S,O1V,VFA,VFS",Z8O,0.234,,,0
p70S6K,RPS6KB1,P23443,experimental,26,24,2,DFG-in|DFG-out,11,1,"1RJ,1SK,3T3,5FI,72B,F76,FS7,FS9,FZ8,FZ9,STU",STU,0.234,,,0
JNK2,MAPK9,P45984,experimental,11,9,2,DFG-in|DFG-out,2,1,"35F,Y56",B96,0.233,,,0
TRKB,NTRK2,Q16620,experimental,4,1,3,DFG-in|DFG-out,1,2,LTI,"MUJ,T6E",0.233,,,0
BRK,PTK6,Q13882,experimental,24,22,2,DFG-in|DFG-out,3,1,"1N1,58V,FLJ",FKY,0.233,,,0
CK1e,CSNK1E,P49674,experimental,14,12,2,DFG-in|DFG-out,0,1,,16W,0.231,,,0
ErbB2,ERBB2,P04626,experimental,14,12,2,DFG-in|DFG-out,4,1,"03P,03Q,70I,VOY",W9N,0.231,,,0
AMPKa2,PRKAA2,P54646,experimental,26,19,6,DFG-in|DFG-out,2,2,"4O7,STU","EDJ,TAK",0.229,,,0
ABL2,ABL2,P42684,experimental,10,6,4,DFG-in|DFG-out,1,2,VX6,"DKI,STI",0.226,,,0
BUB1,BUB1,O43683,experimental,7,7,0,DFG-in,1,0,CVQ,,0.226,,,0
p38g,MAPK12,P53778,experimental,7,7,0,DFG-in,0,0,,,0.226,,,0
PRPK,TP53RK,Q96S44,experimental,7,7,0,DFG-in,4,0,"DO0,DQ4,DUI,DVO",,0.226,,,0
GAK,GAK,O14976,experimental,20,15,5,DFG-in|DFG-out,4,2,"49J,824,FEF,IRE","824,FEF",0.22,,,0
BMX,BMX,P51813,experimental,7,2,5,DFG-in|DFG-out,1,3,LTJ,"1N1,H88,PP2",0.218,,,0
JAK2,JAK2,O60674,experimental,236,230,6,DFG-in|DFG-out,94,2,"0NH,0NU,0NV,0TP,0X2,0X5,15V,17P,1J5,1K3,1M3,1P5,1P6,1RS,2HB","046,I6C",0.218,,,0
RSK2,RPS6KA3,P51812,experimental,13,4,9,DFG-in|DFG-out,2,4,"2NR,2NS","2NK,583,584,QCT",0.216,,,0
EphB4,EPHB4,P54760,experimental,41,35,6,DFG-in|DFG-out,15,2,"1N1,30K,32W,7X1,7X2,7X3,7X4,7X5,7X6,7X7,7X8,AS6,DXK,STU,X9F","DWT,DXH",0.214,,,0
BMPR2,BMPR2,Q13873,experimental,6,6,0,DFG-in,0,0,,,0.211,,,0
GPRK5,GRK5,P34947,experimental,6,6,0,DFG-in,3,0,"SGV,W2T,W3F",,0.211,,,0
GPRK6,GRK6,P43250,experimental,6,6,0,DFG-in,1,0,SGV,,0.211,,,0
PAK5,PAK5,Q9P286,experimental,6,6,0,DFG-in,1,0,23D,,0.211,,,0
PAK6,PAK6,Q9NQU5,experimental,6,6,0,DFG-in,2,0,"7KC,B49",,0.211,,,0
PASK,PASK,Q96RG2,experimental,6,6,0,DFG-in,0,0,,,0.211,,,0
PLK4,PLK4,O00444,experimental,6,6,0,DFG-in,2,0,"4J7,631",,0.211,,,0
p38b,MAPK11,Q15759,experimental,7,4,3,DFG-in|DFG-out,1,2,B45,"B96,NIL",0.204,,,0
ADCK3,COQ8A,Q8NI60,experimental,5,5,0,DFG-in,1,0,MVS,,0.195,,,0
CK1a,CSNK1A1,P48729,experimental,5,5,0,DFG-in,1,0,LCI,,0.195,,,0
MLK1,MAP3K9,P80192,experimental,5,5,0,DFG-in,1,0,VIN,,0.195,,,0
QSK,SIK3,Q9Y2K2,experimental,5,5,0,DFG-in,5,0,"DB8,VRU,XVI,XW3,XWA",,0.195,,,0
PAK1,PAK1,Q13153,experimental,70,48,19,DFG-in|DFG-out,19,4,"0H2,107,1ST,2K0,2OL,4T3,4T5,4T6,59N,59T,59U,6BZ,7KC,C7Y,DW1","4OQ,4OR,4PV,59T",0.193,,,0
TIE2,TEK,Q02763,experimental,13,1,12,DFG-in|DFG-out,1,6,0CE,"3WR,919,MR9,MUH,QQ1,RAJ",0.192,,,0
SYK,SYK,P43405,experimental,139,137,2,DFG-in|DFG-out,69,2,"057,0JE,0K0,0K1,0SB,0VE,0VF,0VG,0VH,0XF,1B4,1B5,1B6,2X6,3RT","FPU,FPX",0.189,,,0
AurB,AURKB,Q96GD4,experimental,1,0,1,DFG-out,0,1,,VX6,0.188,,,0
IRE1,ERN1,O75460,experimental,54,45,9,DFG-in|DFG-out,11,3,"3E4,4L5,N8S,N97,QFV,SJG,SJM,SJS,SJV,STU,U4N","4K7,GUK,GXK",0.181,,,0
ULK3,ULK3,Q6PHR2,experimental,2,1,1,DFG-in|DFG-out,1,1,DB8,C87,0.179,,,0
FGR,FGR,P09769,experimental,7,6,1,DFG-in|DFG-out,1,1,VSE,OJL,0.177,,,0
AurC,AURKC,Q9UQB9,experimental,4,4,0,DFG-in,2,0,"F8Z,VX6",,0.175,,,0
AXL,AXL,P30530,experimental,4,4,0,DFG-in,1,0,7YS,,0.175,,,0
BMPR1B,BMPR1B,O00238,experimental,4,4,0,DFG-in,1,0,LDN,,0.175,,,0
CaMK1g,CAMK1G,Q96NX5,experimental,4,4,0,DFG-in,1,0,J60,,0.175,,,0
CaMK2b,CAMK2B,Q13554,experimental,4,4,0,DFG-in,1,0,5CP,,0.175,,,0
CDKL2,CDKL2,Q92772,experimental,4,4,0,DFG-in,2,0,"DKI,TC0",,0.175,,,0
CSK,CSK,P41240,experimental,4,3,1,DFG-in|DFG-out,1,1,STU,STU,0.175,,,0
EphA8,EPHA8,P29322,experimental,4,4,0,DFG-in,0,0,,,0.175,,,0
GSK3A,GSK3A,P49840,experimental,4,4,0,DFG-in,2,0,"6VL,D1E",,0.175,,,0
IRAK1,IRAK1,P51617,experimental,4,4,0,DFG-in,1,0,DL1,,0.175,,,0
MASTL,MASTL,Q96GX5,experimental,4,4,0,DFG-in,1,0,STU,,0.175,,,0
RON,MST1R,Q04912,experimental,4,4,0,DFG-in,0,0,,,0.175,,,0
SgK085,MYLK4,Q86YV6,experimental,4,4,0,DFG-in,1,0,16X,,0.175,,,0
PIM2,PIM2,Q9P1W9,experimental,4,4,0,DFG-in,2,0,"3YR,HB1",,0.175,,,0
PKCh,PRKCH,P24723,experimental,4,4,0,DFG-in,3,0,"07U,XXF,Y3I",,0.175,,,0
ROS,ROS1,P08922,experimental,4,4,0,DFG-in,4,0,"5P8,AWJ,IDW,VGH",,0.175,,,0
SGK1,SGK1,O00141,experimental,4,4,0,DFG-in,3,0,"86H,GMG,MMG",,0.175,,,0
YSK1,STK25,O00506,experimental,5,4,1,DFG-in|DFG-out,2,1,"IB5,J60",J60,0.175,,,0
VRK3,VRK3,Q8IV63,experimental,4,4,0,DFG-in,0,0,,,0.175,,,0
ZAP70,ZAP70,P43403,experimental,4,4,0,DFG-in,1,0,STU,,0.175,,,0
HH498,TNNI3K,Q59H18,experimental,31,28,3,DFG-in|DFG-out,3,2,"4CV,4CW,CV4","ZFS,ZGD",0.174,,,0
FGFR4,FGFR4,P22455,experimental,58,51,7,DFG-in|DFG-out,24,3,"37O,38O,40M,5JR,6LF,7IF,90F,99K,9CT,AWX,AX0,BYU,FGF,GX3,HHL","0LI,37O,FI3",0.164,,,0
LOK,STK10,O94804,experimental,47,23,20,DFG-in|DFG-out,7,6,"1N1,274,DB8,DJ8,R09,R70,XZN","88Z,B6E,B96,G6I,GW8,R09",0.162,,,0
PEK,EIF2AK3,Q9NZJ5,experimental,22,12,10,DFG-in|DFG-out,8,5,"0WH,27D,3Z6,924,WPB,WPX,WQ2,Z6P","3Z1,3Z2,3Z3,3Z4,3Z5",0.16,,,0
p38d,MAPK13,O15264,experimental,11,9,2,DFG-in|DFG-out,2,2,"0RX,N17","N58,N61",0.155,,,0
LIMK1,LIMK1,P53667,experimental,17,15,2,DFG-in|DFG-out,4,2,"9DB,LH0,RXQ,STU","RXN,T3B",0.154,,,0
MLKL,MLKL,Q8NB16,experimental,17,14,2,DFG-in|DFG-out,2,2,"6UY,ZL1","6UX,LN4",0.154,,,0
CHED,CDK13,Q14004,experimental,3,3,0,DFG-in,1,0,5I1,,0.151,,,0
CDKL1,CDKL1,Q00532,experimental,3,3,0,DFG-in,1,0,D15,,0.151,,,0
CDKL5,CDKL5,O76039,experimental,3,3,0,DFG-in,2,0,"38R,US0",,0.151,,,0
HIPK2,HIPK2,Q9H2X6,experimental,3,3,0,DFG-in,2,0,"3NG,U82",,0.151,,,0
IGF1R,IGF1R,P08069,experimental,79,55,24,DFG-in|DFG-out,16,6,"01P,575,66A,741,8LN,BMI,D94,DYK,EBI,GD5,IER,LGV,LGW,LGX,OZN","IC2,ICV,IE0,IEA,IED,MQY",0.151,,,0
RNAseL,RNASEL,Q05823,experimental,3,3,0,DFG-in,0,0,,,0.151,,,0
RSK3,RPS6KA1,Q15418,experimental,3,3,0,DFG-in,2,0,"P01,STU",,0.151,,,0
ULK4,ULK4,Q96C45,experimental,3,3,0,DFG-in,1,0,3RJ,,0.151,,,0
EphA3,EPHA3,P29320,experimental,60,49,5,DFG-in|DFG-out,8,3,"25Q,37W,C07,L66,L87,L90,O4B,Q0B","B96,IFC,Q7M",0.149,,,0
MELK,MELK,Q14680,experimental,85,77,5,DFG-in|DFG-out,23,3,"1WS,3I7,45R,5QM,5U5,6BB,6BE,6BF,6BJ,6Z7,7KC,7KD,7LV,7LY,7MY","0V0,47W,6PV",0.149,,,0
ALK,ALK,Q9UM73,experimental,95,91,4,DFG-in|DFG-out,39,3,"0JF,0US,0UU,0UV,25J,3DK,3U9,45Q,4LO,4MK,571,5P8,6GY,6YL,AWF","34Y,729,I3K",0.145,,,0
IRAK4,IRAK4,Q9NWZ3,experimental,306,295,11,DFG-in|DFG-out,68,4,"42P,4GD,4GF,4S1,4S2,4S3,6QX,6QY,6QZ,6R0,6R1,6YD,6YE,76P,76Q","0LI,6QZ,J8A,JX4",0.142,,,0
RIPK2,RIPK2,O43353,experimental,85,75,10,DFG-in|DFG-out,15,4,"6GD,6GE,9XA,E7N,GEZ,IQ7,K9T,KA2,KRE,M2B,M5W,Q9J,SB2,STU,XYW","0LI,9WS,BW8,SR8",0.142,,,0
SRC,SRC,P12931,experimental,58,52,3,DFG-in|DFG-out,15,3,"0J9,24A,6H3,C0N,DB8,H8H,HET,HVY,JA6,L1N,MPZ,NBS,P01,UCW,UJ0","0LI,DB8,P01",0.134,9.56,61.73,33
ATR,ATR,Q13535,experimental,2,2,0,DFG-in,0,0,,,0.119,,,0
CaMK2g,CAMK2G,Q13555,experimental,2,2,0,DFG-in,0,0,,,0.119,,,0
CLK4,CLK4,Q9HAZ1,experimental,2,2,0,DFG-in,1,0,3NG,,0.119,,,0
CK1g1,CSNK1G1,Q9HCP0,experimental,2,2,0,DFG-in,1,0,OLP,,0.119,,,0
DMPK1,DMPK,Q09013,experimental,2,2,0,DFG-in,1,0,BI8,,0.119,,,0
DYRK1B,DYRK1B,Q9Y463,experimental,2,2,0,DFG-in,1,0,QS0,,0.119,,,0
EphA5,EPHA5,P54756,experimental,2,2,0,DFG-in,0,0,,,0.119,,,0
GPRK4,GRK4,P32298,experimental,2,2,0,DFG-in,1,0,AN2,,0.119,,,0
HIPK3,HIPK3,Q9H422,experimental,2,2,0,DFG-in,1,0,6ZV,,0.119,,,0
IRR,INSRR,P14616,experimental,2,2,0,DFG-in,0,0,,,0.119,,,0
LYN,LYN,P07948,experimental,2,2,0,DFG-in,2,0,"8H0,STU",,0.119,,,0
MAP2K2,MAP2K2,P36507,experimental,2,2,0,DFG-in,0,0,,,0.119,,,0
MAP2K7,MAP2K7,O14733,experimental,57,25,32,DFG-in|DFG-out,15,11,"1XZ,21I,24N,2GI,2I5,2I8,6HF,6HL,862,95U,H8Z,J0B,J0E,J3H,J3N","1FM,1XZ,21I,2I8,8E8,95U,FU6,IHH,OQ2,OQ8,SU9",0.119,,,0
MARK4,MARK4,Q96L34,experimental,2,2,0,DFG-in,1,0,5RC,,0.119,,,0
PAK3,PAK3,O75914,experimental,2,2,0,DFG-in,0,0,,,0.119,,,0
PBK,PBK,Q96KB5,experimental,2,2,0,DFG-in,0,0,,,0.119,,,0
SgK269,PEAK1,Q9H792,experimental,2,2,0,DFG-in,0,0,,,0.119,,,0
PKCb,PRKCB,P05771,experimental,2,2,0,DFG-in,1,0,PDS,,0.119,,,0
RIPK3,RIPK3,Q9Y572,experimental,2,2,0,DFG-in,2,0,"ZL1,ZOV",,0.119,,,0
MSK1,RPS6KA5,O75582,experimental,2,2,0,DFG-in,0,0,,,0.119,,,0
SNRK,SNRK,Q9NRH2,experimental,2,2,0,DFG-in,0,0,,,0.119,,,0
MPSK1,STK16,O75716,experimental,2,2,0,DFG-in,1,0,STU,,0.119,,,0
DRAK1,STK17A,Q9UEE5,experimental,2,2,0,DFG-in,2,0,"F7I,F8I",,0.119,,,0
TAO3,TAOK3,Q9H2K8,experimental,2,2,0,DFG-in,0,0,,,0.119,,,0
HPK1,MAP4K1,Q92918,experimental,69,41,28,DFG-in|DFG-out,12,10,"2TR,2WI,2YE,B49,F97,W9D,XHM,XHV,XXF,Y3I,Y3O,YK1","9ID,B49,UES,USF,XHS,XOH,XON,XOR,YK4,YK7",0.11,,,0
LCK,LCK,P06239,experimental,41,32,9,DFG-in|DFG-out,26,6,"1N9,547,5LK,5PB,7KW,925,979,9NH,AM0,AM9,KBM,KSC,KSE,KSF,KSH","1N8,242,AM5,AM6,ODJ,STI",0.109,10.01,57.92,39
MER,MERTK,Q12866,experimental,79,65,12,DFG-in|DFG-out,26,6,"24K,4MH,6Q1,79Y,7AE,7YS,9VS,C6F,CKJ,E56,K0X,MH7,OLP,R6K,R6N","E0X,L1X,R6H,S4K,S4T,S5E",0.109,,,0
PYK2,PTK2B,Q14289,experimental,17,8,9,DFG-in|DFG-out,1,8,YAM,"0YH,0YJ,349,3JZ,4JZ,7FM,B96,P1E",0.109,,,0
RIPK1,RIPK1,Q13546,experimental,54,0,54,DFG-out,0,19,,"1HW,1HX,3CI,3IF,3IU,65U,7MJ,EJP,EJY,G4W,GO4,JSW,K8K,L4Y,L8D",0.109,,,0
NEK2,NEK2,P51955,experimental,52,15,22,DFG-in|DFG-out,7,10,"4SP,7GJ,BX1,F9N,NU6,T3M,WI2","430,5R1,5Z5,ED8,GGY,JUP,OL2,WCX,WGZ,XK3",0.106,,,0
ABL1,ABL1,P00519,experimental,158,40,118,DFG-in|DFG-out,6,22,"1N1,4ST,627,AXI,SKI,VX6","1N1,406,4B7,66K,7MP,8DW,8IW,919,9DP,AXI,DB8,FVC,GIN,HJ9,JIN",0.095,10.43,59.26,57
KIT,KIT,P10721,experimental,69,18,49,DFG-in|DFG-out,8,18,"98A,9JI,9KI,9OO,9VV,9XO,WEG,WEJ","0LI,647,AWO,B49,DJX,F82,F88,F8B,F8H,G4E,JWY,K3R,KCI,O2H,O2K",0.093,11.86,58.67,48
FMS,CSF1R,P07333,experimental,29,2,27,DFG-in|DFG-out,1,18,BDY,"5CN,622,64M,6C3,8C5,A7O,I9W,IXH,KRJ,KRL,LC0,M9T,P31,STI,UF4",0.092,,,0
AKT1,AKT1,P31749,experimental,62,38,24,DFG-in|DFG-out,12,12,"0RF,0XZ,CQU,CQW,EX4,SM9,SMH,SMR,SMY,WFE,XFE,XM1","6S1,G4H,G4K,G4N,G4Q,G4T,L1W,L1Z,UC8,UCE,XOO,XQ2",0.088,9.14,60.35,36
TAK1,MAP3K7,O43318,experimental,30,15,8,DFG-in|DFG-out,10,8,"1FM,1UH,1UL,1UO,6JV,6KC,6KD,6V5,ADN,EDH","5KW,6H3,6HF,6V3,6V4,NG2,T92,YIY",0.086,,,0
CDK8,CDK8,P49336,experimental,47,33,14,DFG-in|DFG-out,19,10,"0SW,4TV,50R,5XG,5Y6,5Y7,5Y8,62M,68U,69Z,6A6,6A7,8CC,8D6,C1I","0SO,0SQ,0SR,0SS,0ST,0SU,0SV,66X,BAX,NZ8",0.084,,,0
DDR1,DDR1,Q08345,experimental,63,0,63,DFG-out,0,27,,"0LI,1IF,1IJ,1IM,1IW,1IZ,1JI,1K2,1N1,3UI,4VC,4VD,4VE,5WR,5X1",0.081,12.41,56.82,30
EGFR,EGFR,P00533,experimental,565,527,38,DFG-in|DFG-out,140,10,"03P,0UN,0WN,1C9,1E8,1WY,35Z,3LH,3QS,3QW,3QY,3R0,3R1,4YV,4YW","630,633,634,63A,8AM,8BM,8BP,8BS,8OV,O44",0.079,11.32,61.73,58
ACTR2B,ACVR2B,Q13705,experimental,1,1,0,DFG-in,1,0,ADE,,0.075,,,0
CaMK4,CAMK4,Q16566,experimental,1,1,0,DFG-in,1,0,DKI,,0.075,,,0
CDKL3,CDKL3,Q8IVW4,experimental,1,1,0,DFG-in,1,0,38R,,0.075,,,0
DYRK3,DYRK3,O43781,experimental,1,1,0,DFG-in,1,0,HRM,,0.075,,,0
EphB2,EPHB2,P29323,experimental,1,1,0,DFG-in,0,0,,,0.075,,,0
FYN,FYN,P06241,experimental,1,1,0,DFG-in,1,0,STU,,0.075,,,0
MLK4,MAP3K21,Q5TCX8,experimental,1,1,0,DFG-in,0,0,,,0.075,,,0
KHS2,MAP4K3,Q8IVH8,experimental,1,1,0,DFG-in,1,0,6G2,,0.075,,,0
PKN2,PKN2,Q16513,experimental,1,1,0,DFG-in,0,0,,,0.075,,,0
PLK3,PLK3,Q9H4B4,experimental,1,1,0,DFG-in,1,0,9ZP,,0.075,,,0
RSK1,RPS6KA2,Q15349,experimental,1,1,0,DFG-in,0,0,,,0.075,,,0
RSK1-b,RPS6KA2-b,Q15349,experimental,1,1,0,DFG-in,0,0,,,0.075,,,0
RYK,RYK,P34925,experimental,1,1,0,DFG-in,0,0,,,0.075,,,0
TLK2,TLK2,Q86UE8,experimental,1,1,0,DFG-in,0,0,,,0.075,,,0
Trb2,TRIB2,Q92519,experimental,1,1,0,DFG-in,0,0,,,0.075,,,0
Wee1B,WEE2,P0C1S8,experimental,1,1,0,DFG-in,1,0,8X7,,0.075,,,0
BTK,BTK,Q06187,experimental,264,239,20,DFG-in|DFG-out,98,10,"027,03C,04K,0B0,0B9,0BG,0BQ,0CI,0GW,0UW,1E8,1N1,2IE,2IJ,2P5","1N1,585,746,9M3,BXM,GYL,IS4,KLP,RQS,X9M",0.072,,,0
KDR,KDR,P35968,experimental,63,7,52,DFG-in|DFG-out,4,32,"887,994,KIM,LEV","00J,03X,0JA,0KF,276,2RL,42Q,5T2,608,706,857,900,A96,AAX,AAZ",0.059,12.38,57.17,30
EphA2,EPHA2,P29317,experimental,155,96,58,DFG-in|DFG-out,31,26,"1N1,627,8ZH,8ZK,8ZN,8ZQ,8ZT,8ZW,8ZZ,90B,90E,90K,90N,90T,90W","4Z5,88Z,DWT,DXH,FZW,G02,G0E,G0H,G0K,G0N,G0Q,GV0,HMW,HNZ,HO5",0.051,,,0
TRKA,NTRK1,P04629,experimental,96,23,72,DFG-in|DFG-out,9,38,"31Y,4EK,69C,7GI,AQ6,B9C,FKT,V4Z,YMX","31V,31W,31X,6K0,6K1,6K2,6K4,6UE,6UF,6UG,6UH,6UJ,6UK,6UM,7HF",0.051,,,0
BRAF,BRAF,P15056,experimental,243,154,89,DFG-in|DFG-out,36,32,"032,10Z,215,29L,2VX,324,325,4EF,5I4,5XJ,6DC,6N9,6NB,6NC,734","0JA,0LI,0NF,0T2,0WP,1OO,1SU,1SW,324,3K3,4Z5,54J,55J,831,8EN",0.045,12.54,61.34,60
MET,MET,P08581,experimental,165,118,43,DFG-in|DFG-out,59,24,"03X,044,0J3,0J8,0JJ,0JK,0JL,1JC,1RU,3E8,3EH,3QT,44X,46G,4K0","1FN,319,320,353,5B4,5I9,5IE,66L,88Z,A1ATS,CKK,DF6,DWF,L1X,L8V",0.045,12.08,55.81,60
AurA,AURKA,O14965,experimental,277,172,91,DFG-in|DFG-out,56,40,"0BX,0C0,0C3,0C8,0C9,0FY,0K6,2JZ,2VU,400,45B,4QV,5GX,5VC,626","0BY,0BZ,0C4,0C5,0C6,0C7,35R,48B,4RJ,4RK,4RM,5YZ,626,627,97B",0.034,,,0
p38a,MAPK14,Q16539,experimental,360,190,154,DFG-in|DFG-out,102,76,"048,084,094,09J,0OK,1GK,1M8,1R9,1RA,222,279,287,29A,2A8,2CH","06F,0OL,0ON,0OO,0OP,19B,1AU,1BU,1PP,1VI,337,3FF,437,52P,8EN",0.023,,,0
