screening_score,pki_dfg_in,pki_dfg_out,delta_pki,sync_score,prior_dfg_out_prob,used_prior,ligand,ligand_smiles,compound_mw,compound_logp,compound_hbd
0.9965969,7.827376365661621,8.047369003295898,-0.4179595708847046,0.8500000238418579,,False,LIF,COc1ccc(cc1)c2c(c3c(ncnc3o2)N)c4ccc(cc4)NC(=O)Nc5cc(ccc5F)C(F)(F)F,537.4730000000002,6.949500000000003,3
0.9956268,7.863044738769531,8.081278800964355,-0.40601375699043274,0.8500000238418579,,False,R24,Cc1ccc(cc1)n2c(cc(n2)C(C)(C)C)NC(=O)Nc3cccc(c3)Nc4ccnc5c4cc(cc5)[N+](=O)[O-],535.6080000000002,7.322220000000005,3
0.995488,7.792218208312988,8.013858795166016,-0.4295997619628906,0.8500000238418579,,False,CVY,Cn1cc(cn1)c2c3cc(ccc3[nH]n2)NC(=O)c4ccc(cc4C(F)(F)F)NC(=O)Nc5cc(ccc5F)C(F)(F)F,605.4740000000003,7.036400000000003,4
0.99505085,7.786328315734863,8.008223533630371,-0.43167003989219666,0.8500000238418579,,False,G0K,Cc1ccc(cc1Nc2c3cccnc3nc(n2)c4cccnc4)C(=O)Nc5cccc(c5)C(F)(F)F,500.48400000000015,6.409920000000004,2
0.9949537,7.772002696990967,7.994541168212891,-0.4369077980518341,0.8500000238418579,,False,X9M,Cc1c(cccc1NC(=O)c2ccc(cc2)C(C)(C)C)c3ccnc4c3[nH]c(n4)c5ccc(cc5)C(=O)N6CCOCC6,573.697,6.622520000000008,2
0.9949005,7.842012405395508,8.061281204223633,-0.4127667248249054,0.8500000238418579,,False,B6E,c1cc(oc1)C(=O)Nc2[nH]c3ccc(cc3n2)Oc4ccc(cc4)NC(=O)Nc5cc(ccc5F)C(F)(F)F,539.4450000000002,7.002400000000003,4
0.99464226,7.750129699707031,7.973627090454102,-0.4441662132740021,0.8500000238418579,,False,L0Z,Cc1c(cccc1NC(=O)c2ccc(cc2)C(C)(C)C)c3c4cc([nH]c4ncn3)c5ccc(cc5)C(=O)N6CCN(CC6)C,586.7399999999999,6.537720000000008,2
0.99452907,7.765120506286621,7.987953186035156,-0.4387083351612091,0.8500000238418579,,False,HYW,Cc1ccc(cc1)n2c(cc(n2)C(C)(C)C)NC(=O)NC3CCC(c4c3cccc4)Oc5ccc6nnc(n6c5)C(C)C,577.7330000000002,7.421020000000007,2
0.9944654,7.7608442306518555,7.983892440795898,-0.4401157796382904,0.8500000238418579,,False,QUF,Cc1ccc(cc1Nc2c3cnn(c3nc(n2)c4cccnc4)C)C(=O)Nc5cc(cc(c5)C(F)(F)F)C(F)(F)F,571.4850000000004,6.767220000000002,2
0.9942046,7.759178161621094,7.98228645324707,-0.440739244222641,0.8500000238418579,,False,FPX,Cc1ccc(cc1C2=Cc3cnc(nc3N(C2=O)C)Nc4ccccc4)NC(=O)c5cccc(c5)C(F)(F)F,529.5220000000002,6.318620000000004,2
0.9941361,7.779343128204346,8.001575469970703,-0.4344062805175781,0.8500000238418579,,False,NZ8,c1cc2c(nc1)Oc3cc(ccc3N(C2=O)c4ccncc4)NC(=O)Nc5ccc(c(c5)C(F)(F)F)Cl,525.8740000000001,6.877000000000002,2
0.99357456,7.851689338684082,8.070497512817383,-0.40955233573913574,0.8500000238418579,,False,GIG,COC(=O)Nc1[nH]c2ccc(cc2n1)Oc3ccc(cc3)NC(=O)Nc4cc(ccc4F)C(F)(F)F,503.4120000000001,6.335400000000002,4
0.99316674,7.8082170486450195,8.0291109085083,-0.424243301153183,0.8500000238418579,,False,G0N,Cc1ccc(cc1Nc2nc(nc(n2)c3ccncc3)c4ccncc4)C(=O)Nc5cccc(c5)C(F)(F)F,527.5100000000002,6.318720000000003,2
0.99316674,7.8082170486450195,8.0291109085083,-0.4242432713508606,0.8500000238418579,,False,FZW,Cc1ccc(cc1Nc2nc(nc(n2)c3cccnc3)c4cccnc4)C(=O)Nc5cccc(c5)C(F)(F)F,527.5100000000002,6.3187200000000034,2
0.9931564,7.784240245819092,8.006231307983398,-0.43213146924972534,0.8500000238418579,,False,NIL,Cc1ccc(cc1Nc2nccc(n2)c3cccnc3)C(=O)Nc4cc(cc(c4)n5cc(nc5)C)C(F)(F)F,529.5260000000002,6.355840000000003,2
0.9927677,7.750082969665527,7.973560333251953,-0.443726122379303,0.8500000238418579,,False,G0H,Cc1ccc(cc1Nc2c3ccccc3nc(n2)c4cccnc4)C(=O)Nc5cccc(c5)C(F)(F)F,499.49600000000015,7.014920000000005,2
0.99263376,7.83289098739624,8.052600860595703,-0.4158840477466583,0.8500000238418579,,False,R49,Cc1cccc(c1)n2c(cc(n2)C(C)(C)C)NC(=O)Nc3ccc(cc3)Nc4ccnc5c4cc(cc5)N,505.6260000000002,6.996220000000005,4
0.99263376,7.83289098739624,8.052600860595703,-0.4158841073513031,0.8500000238418579,,False,L51,Cc1ccc(cc1)n2c(cc(n2)C(C)(C)C)NC(=O)Nc3cccc(c3)Nc4ccnc5c4cc(cc5)N,505.6260000000002,6.996220000000005,4
0.99228173,7.764156341552734,7.987006187438965,-0.438957154750824,0.8500000238418579,,False,06F,Cc1ccc(cc1)n2c(cc(n2)C(C)(C)C)NC(=O)Nc3cccc(c3)Nc4ccc5c(c4)CCCCC5=O,521.6650000000003,7.774920000000006,3
0.99206245,7.791900634765625,8.013571739196777,-0.4294051229953766,0.8500000238418579,,False,QTX,Cc1ccc(cc1Nc2c3cnn(c3nc(n2)c4cccnc4)C)C(=O)Nc5cc(cc(c5)Cl)Cl,504.3810000000002,6.036420000000002,2
0.99160063,7.796600341796875,8.018047332763672,-0.4281577169895172,0.8500000238418579,,False,DWT,Cc1ccc(cc1Nc2c3cn(nc3nc(n2)c4cccnc4)C)C(=O)Nc5cccc(c5)C(F)(F)F,503.48800000000017,5.748420000000002,2
0.99160063,7.796599864959717,8.018047332763672,-0.42815759778022766,0.8500000238418579,,False,DXH,Cc1ccc(cc1Nc2c3cnn(c3nc(n2)c4cccnc4)C)C(=O)Nc5cccc(c5)C(F)(F)F,503.48800000000017,5.748420000000002,2
0.99160063,7.796600818634033,8.018047332763672,-0.42815759778022766,0.8500000238418579,,False,QUU,Cc1ccc(cc1Nc2c3cnn(c3nc(n2)c4cccnc4)C)NC(=O)c5cccc(c5)C(F)(F)F,503.48800000000017,5.748420000000003,2
0.99156463,7.8176655769348145,8.038111686706543,-0.42084285616874695,0.8500000238418579,,False,1SW,c1cc(cc(c1)NC(=O)Nc2cc(ccc2F)Oc3ccc4c(c3C#N)sc(n4)NC(=O)C5CC5)C(F)(F)F,555.5130000000004,7.110680000000003,3
0.99119776,7.738973617553711,7.962945938110352,-0.44715452194213867,0.8500000238418579,,False,55J,Cn1c2ccc(cc2nc1Nc3ccc(cc3)C(F)(F)F)Oc4ccnc(c4)c5[nH]c(cn5)C(F)(F)F,518.4210000000002,6.931900000000003,2
0.9911108,7.659345626831055,7.886497497558594,-0.4742964208126068,0.8500000238418579,,False,YW5,CN1CCC(CC1)c2ccc(cc2)c3ccc4c(c3)C(=O)N(C4)C(c5cccc(c5)F)c6[nH]c7ccccc7n6,530.6470000000002,6.923600000000007,1
0.99082476,7.823903560638428,8.044044494628906,-0.4189009964466095,0.8500000238418579,,False,0YH,Cc1ccc(cc1)n2c(cc(n2)C(C)(C)C)NC(=O)Nc3cc(n[nH]3)c4ccc(cc4C)OC,458.5660000000002,5.829340000000004,3
0.9907645,7.8669657707214355,8.085020065307617,-0.40455567836761475,0.8500000238418579,,False,R48,Cc1ccc(cc1)n2c(cc(n2)C(C)(C)C)NC(=O)Nc3cccc(c3)Nc4c5cc(ccc5ncn4)N,506.6140000000002,6.391220000000005,4
0.9907645,7.866965293884277,8.085020065307617,-0.40455570816993713,0.8500000238418579,,False,1BU,Cc1cccc(c1)n2c(cc(n2)C(C)(C)C)NC(=O)Nc3ccc(cc3)Nc4c5cc(ccc5ncn4)N,506.6140000000002,6.391220000000005,4
0.9907645,7.866965293884277,8.085020065307617,-0.40455567836761475,0.8500000238418579,,False,SS6,Cc1cccc(c1)n2c(cc(n2)C(C)(C)C)NC(=O)Nc3cccc(c3)Nc4c5cc(ccc5ncn4)N,506.6140000000002,6.391220000000005,4
0.9907611,7.784549713134766,8.00650405883789,-0.43196484446525574,0.8500000238418579,,False,G4N,CCC(=O)Nc1cccc(c1)C(=O)NC2CCN(CC2)Cc3ccc(cc3)c4c(cc5c(n4)C=CNC5=O)c6ccccc6,585.7080000000003,6.000000000000005,3
0.99062586,7.76773738861084,7.99046516418457,-0.43752536177635193,0.8500000238418579,,False,RXQ,c1ccc(cc1)S(=O)(=O)Nc2ccc(c(c2F)C(=O)c3c[nH]c4c3cc(cn4)c5ccc(cc5)Cl)F,523.9480000000002,6.193300000000004,2
0.99028933,7.749575614929199,7.973102569580078,-0.4439276158809662,0.8500000238418579,,False,481,CC(C)(C)c1ccc(cc1)C(=O)Nc2cccc(c2)c3cn4ccnc4c(n3)Nc5ccc(cc5)C(=O)N6CCN(CC6)C,587.7279999999998,6.077300000000006,2
0.9902506,7.838744640350342,8.058197975158691,-0.4140857756137848,0.8500000238418579,,False,919,CC(C)(C)c1cc(n(n1)c2ccc3c(c2)cccn3)NC(=O)Nc4ccc(cc4F)Oc5ccnc(c5)C(=O)NC,553.5980000000002,6.0480000000000045,3
0.9899116,7.764276027679443,7.987155914306641,-0.4389931261539459,0.8500000238418579,,False,S4K,CC1=C(C(=O)N(N1C)c2ccc(cc2)F)C(=O)Nc3ccc(c(c3)F)Oc4ccnc5c4c(c[nH]5)c6ccccc6,551.5530000000003,6.350520000000005,2
0.98982376,7.75734806060791,7.98052978515625,-0.4414452612400055,0.8500000238418579,,False,N53,CC1(c2c(c([nH]n2)NC(=O)c3cccc(c3)Oc4ccccc4)CN1C(=O)N5CCN(CC5Cc6ccccc6)C)C,564.6900000000003,5.483700000000005,2
0.9897461,7.80189847946167,8.023158073425293,-0.427005410194397,0.8500000238418579,,False,UP9,CN1CCN(CC1)C(=O)C2CCc3c([nH]c4c3c(c(cc4C(=O)N)F)N5CCCC(C5)N6CCN(C6=O)C)C2,539.6560000000003,1.621000000000002,2
0.9897321,7.685143947601318,7.911362648010254,-0.46638593077659607,0.8500000238418579,,False,LG8,C[N+]1=CC(=C2C(=C3c4ccccc4[N+]5=C3CC(CC5)CN(C)C)C(=O)NC2=O)c6c1cccc6,452.55800000000016,2.978800000000001,1
0.98963124,7.735212802886963,7.959321975708008,-0.4484871029853821,0.8500000238418579,,False,G4Q,CCC(=O)Nc1ccc(cc1)N2CCN(CC2)Cc3ccc(cc3)c4c(cc5c(n4)C=CNC5=O)c6ccccc6,543.6710000000002,5.927800000000005,2
0.9891467,7.798687934875488,8.020020484924316,-0.42748579382896423,0.8500000238418579,,False,G4K,CCC(=O)Nc1ccc2c(c1)N(C(=O)N2)C3CCN(CC3)Cc4ccc(cc4)c5c(cc6c(n5)C=CNC6=O)c7ccccc7,598.7070000000002,6.085700000000005,3
0.98910964,7.679116725921631,7.9055495262146,-0.46744343638420105,0.8500000238418579,,False,FEW,CC(C)c1ccc(cc1C#Cc2cnc3n2ccnc3)C(=O)Nc4cc(cc(c4)C(F)(F)F)CN5CCN(CC5)C,560.624,5.271000000000004,1
0.98879856,7.742330551147461,7.966178894042969,-0.44655460119247437,0.8500000238418579,,False,DZ6,Cc1c(cccc1C(=O)Nc2cc(cc(c2)N3CCN(CC3)C)C(C)C)C#Cc4cnc5n4cc(nc5)c6ccc(cc6)N,583.7400000000002,5.814220000000005,2
0.9887583,7.861445903778076,8.079765319824219,-0.40658435225486755,0.8500000238418579,,False,VSA,c1ccc(cc1)NC(=O)Nc2ccc(cc2)c3cn(c4c3c(ncn4)N)C5CCCC5,412.4970000000003,5.439600000000003,3
0.988749,7.74900484085083,7.97254753112793,-0.4445410370826721,0.8500000238418579,,False,3Z5,Cc1ccc(c(c1c2ccc3c(c2)ccc(n3)C)N)C(=O)C4=C(N(N(C4=O)c5ccccc5)C)c6ccccc6,524.6240000000003,6.488240000000006,1
0.9886652,7.803614616394043,8.024704933166504,-0.4255208671092987,0.8500000238418579,,False,5I9,c1ccc2c(c1)Nc3c(c(ccn3)Oc4ccc(cc4F)NC(=O)C5(CC5)C(=O)Nc6ccc(cc6)F)O2,514.4880000000003,6.358800000000003,3
0.9886297,7.780006408691406,8.002199172973633,-0.433817595243454,0.8500000238418579,,False,ZZL,c1cc(c(c(c1)F)C2=NCc3cnc(nc3-c4c2cc(cc4)Cl)Nc5ccc(cc5)C(=O)O)F,476.87000000000006,5.868000000000002,2
0.9883487,7.735668182373047,7.959785461425781,-0.44824302196502686,0.8500000238418579,,False,VNS,CN1CCC(CC1)c2ccc(cc2)c3ccc4c(c3)C(=O)N(C4)C(c5cc(ccc5O)F)C(=O)Nc6nccs6,556.6630000000002,5.799800000000006,2
0.9876511,7.824506759643555,8.044645309448242,-0.4189921021461487,0.8500000238418579,,False,2P5,Cc1c(cccc1NC(=O)c2ccc(cc2)C(C)(C)C)c3nc4c(c(n3)Nc5ccc(cc5)C(=O)N6CCOCC6)[nH]cn4,589.7,6.0941200000000055,3
0.9876199,7.811207294464111,8.031986236572266,-0.4232029616832733,0.8500000238418579,,False,T6E,c1cc(ccc1c2csc3c2c(ncn3)N)NC(=O)Nc4cc(ccc4F)C(F)(F)F,447.417,5.742400000000002,3
0.9875142,7.793849468231201,8.015395164489746,-0.4287048876285553,0.8500000238418579,,False,K11,CNc1nccc(n1)c2cccnc2Oc3ccc(c4c3cccc4)Nc5[nH]c6cc(ccc6n5)C(F)(F)F,527.5100000000002,7.164500000000005,3
