kinase,structure_ID,dfg,y,distance,hinge_angle
ABL1,1081,in,0,10.438,59.564
ABL1,1058,in,0,10.412,16.518
ABL1,1060,in,0,9.613,60.258
ABL1,1072,in,0,9.771,59.316
ABL1,1082,in,0,9.99,60.752
ABL1,1090,in,0,9.931,60.327
ABL1,1075,in,0,10.839,26.402
ABL1,1091,in,0,10.26,58.345
ABL1,1053,in,0,9.613,60.258
ABL1,1084,in,0,9.99,60.752
ABL1,1088,in,0,9.622,60.208
ABL1,1111,in,0,10.347,23.779
ABL1,14878,in,0,12.412,19.244
ABL1,12892,in,0,9.09,65.953
ABL1,12861,in,0,9.483,65.763
ABL1,1105,in,0,13.142,59.357
ABL1,12885,in,0,9.067,64.462
ABL1,12906,in,0,9.349,68.908
ABL1,12905,in,0,8.933,71.527
ABL1,12858,in,0,9.699,63.291
ABL1,12862,in,0,9.478,66.309
ABL1,1045,in,0,12.957,58.824
ABL1,1064,in,0,13.08,59.263
ABL1,12869,in,0,9.414,66.223
ABL1,12912,in,0,9.203,63.821
ABL1,12881,in,0,8.787,63.32
ABL1,12866,in,0,9.817,57.699
ABL1,1096,in,0,13.215,58.752
ABL1,1067,in,0,10.029,17.659
ABL1,12873,in,0,9.015,65.382
ABL1,1057,out-like,1,9.257,57.467
ABL1,1046,out,1,12.371,53.614
ABL1,1089,out-like,1,10.147,58.863
ABL1,1071,out,1,12.35,56.828
ABL1,1047,out,1,11.895,61.309
ABL1,1048,out,1,12.237,59.668
ABL1,1062,out,1,12.292,55.034
ABL1,1049,out,1,12.35,56.828
ABL1,1063,out-like,1,10.408,57.51
ABL1,1073,out-like,1,10.607,58.281
ABL1,1050,out,1,12.209,54.339
ABL1,1074,out-like,1,7.8,37.241
ABL1,1065,out,1,12.276,58.916
ABL1,1051,out,1,11.895,61.329
ABL1,1052,out,1,12.636,59.768
ABL1,1083,out,1,12.636,59.768
ABL1,1066,out,1,12.489,56.193
ABL1,1076,out,1,11.906,61.76
ABL1,1107,out,1,12.138,59.176
ABL1,1068,out,1,12.317,59.079
ABL1,1054,out,1,12.231,58.918
ABL1,1055,out-like,1,10.429,57.471
ABL1,1077,out,1,12.489,56.193
ABL1,1069,out,1,11.962,60.502
ABL1,1056,out,1,11.917,60.281
ABL1,1104,out-like,1,10.245,57.081
ABL1,1092,out,1,12.102,59.067
EGFR,782,in,0,12.672,65.128
EGFR,796,in,0,10.747,60.991
EGFR,783,in,0,8.976,63.306
EGFR,797,in,0,9.565,62.945
EGFR,821,in,0,9.395,59.996
EGFR,810,in,0,12.264,72.844
EGFR,775,in,0,10.23,54.4
EGFR,777,in,0,10.41,28.327
EGFR,784,in,0,12.551,64.628
EGFR,800,in,0,12.133,73.442
EGFR,785,in,0,9.127,62.125
EGFR,778,in,0,12.614,63.361
EGFR,779,in,0,9.202,59.185
EGFR,781,in,0,9.728,61.673
EGFR,811,in,0,9.22,63.871
EGFR,786,in,0,10.136,62.243
EGFR,801,in,0,9.141,60.259
EGFR,802,in,0,10.486,59.8
EGFR,789,in,0,9.106,62.128
EGFR,803,in,0,12.545,62.923
EGFR,790,in,0,9.082,61.173
EGFR,791,in,0,12.703,65.796
EGFR,833,in,0,9.116,60.405
EGFR,819,in,0,11.649,32.072
EGFR,804,in,0,10.475,61.081
EGFR,792,in,0,12.614,63.361
EGFR,793,in,0,8.288,60.897
EGFR,806,in,0,9.303,63.504
EGFR,794,in,0,11.005,20.35
EGFR,795,in,0,12.602,63.22
EGFR,6367,out,1,14.111,61.888
EGFR,6375,out,1,14.388,59.398
EGFR,6376,out,1,14.403,59.399
EGFR,6377,out,1,14.259,61.224
EGFR,6378,out,1,14.571,59.111
EGFR,6379,out,1,14.258,61.224
EGFR,6380,out,1,14.57,59.107
EGFR,7386,out,1,14.295,57.875
EGFR,7387,out,1,14.295,57.875
EGFR,7511,out,1,14.373,61.731
EGFR,7512,out,1,14.046,62.892
EGFR,7513,out,1,14.046,62.892
EGFR,7514,out,1,14.113,63.039
EGFR,7516,out,1,13.994,62.612
EGFR,7517,out,1,14.373,61.731
EGFR,7518,out,1,13.994,62.612
EGFR,7519,out,1,14.113,63.039
EGFR,8568,out-like,1,11.755,61.589
EGFR,850,out,1,11.162,70.356
EGFR,883,out,1,10.971,63.527
EGFR,805,out-like,1,11.318,45.272
EGFR,6593,out-like,1,11.265,46.703
EGFR,8554,out-like,1,11.049,46.112
EGFR,843,out,1,10.993,66.371
EGFR,868,out-like,1,11.013,46.639
EGFR,863,out-like,1,11.013,46.639
EGFR,903,out-like,1,10.983,67.961
EGFR,876,out-like,1,10.732,63.848
BRAF,3051,in,0,12.736,62.318
BRAF,3126,in,0,12.707,61.559
BRAF,3095,in,0,9.752,62.713
BRAF,3079,in,0,13.594,61.107
BRAF,3054,in,0,8.952,39.312
BRAF,3096,in,0,9.805,63.88
BRAF,3098,in,0,10.037,63.007
BRAF,3080,in,0,12.543,63.828
BRAF,3057,in,0,12.986,62.37
BRAF,3113,in,0,12.269,56.495
BRAF,3143,in,0,12.992,63.188
BRAF,3060,in,0,9.743,62.757
BRAF,3062,in,0,9.98,63.132
BRAF,3100,in,0,12.241,63.514
BRAF,3082,in,0,12.828,62.46
BRAF,3083,in,0,10.05,63.036
BRAF,3064,in,0,12.132,64.119
BRAF,3115,in,0,12.644,58.78
BRAF,3102,in,0,10.302,59.979
BRAF,3103,in,0,9.328,65.572
BRAF,3128,in,0,12.338,62.576
BRAF,3086,in,0,9.954,64.898
BRAF,3104,in,0,12.744,62.336
BRAF,3087,in,0,10.052,62.69
BRAF,3129,in,0,9.658,64.626
BRAF,3088,in,0,14.449,35.247
BRAF,3106,in,0,9.828,62.021
BRAF,3118,in,0,12.17,57.174
BRAF,3107,in,0,12.62,19.006
BRAF,3108,in,0,10.545,59.852
BRAF,3050,out,1,12.177,63.082
BRAF,3052,out,1,12.784,55.494
BRAF,3055,out,1,13.09,56.006
BRAF,3134,out,1,12.166,61.875
BRAF,3081,out,1,12.945,54.256
BRAF,3059,out,1,12.172,62.061
BRAF,3127,out,1,12.304,60.112
BRAF,3063,out-like,1,12.281,62.221
BRAF,3101,out,1,12.805,59.477
BRAF,3065,out,1,12.698,57.686
BRAF,3084,out,1,12.41,55.99
BRAF,3066,out,1,13.229,55.079
BRAF,3135,out,1,12.536,62.163
BRAF,3067,out,1,12.434,58.46
BRAF,3085,out,1,12.219,61.999
BRAF,3069,out,1,13.098,54.542
BRAF,3116,out,1,12.751,61.088
BRAF,3070,out,1,12.845,54.792
BRAF,3072,out,1,12.457,61.284
BRAF,3074,out,1,13.013,58.759
BRAF,3105,out,1,12.557,62.096
BRAF,3076,out,1,12.798,61.788
BRAF,3089,out,1,12.716,57.498
BRAF,3077,out,1,12.724,61.336
BRAF,3119,out,1,13.198,55.354
BRAF,3109,out,1,12.316,60.07
BRAF,3130,out,1,12.678,60.133
BRAF,3121,out,1,12.772,58.216
BRAF,3123,out,1,13.013,58.759
BRAF,3131,out,1,12.677,53.659
SRC,983,in,0,12.289,65.826
SRC,985,in,0,12.379,64.029
SRC,977,in,0,12.289,65.825
SRC,972,in,0,9.524,58.496
SRC,975,in,0,9.254,61.535
SRC,969,in,0,9.6,64.223
SRC,970,in,0,12.347,61.846
SRC,971,in,0,9.491,63.132
SRC,982,in,0,9.6,64.223
SRC,978,in,0,9.368,57.373
SRC,979,in,0,12.582,62.344
SRC,980,in,0,9.184,61.912
SRC,989,in,0,9.293,59.976
SRC,986,in,0,9.618,60.809
SRC,987,in,0,10.224,56.064
SRC,988,in,0,9.524,58.496
SRC,990,in,0,9.677,58.17
SRC,992,in,0,12.347,61.846
SRC,10920,in,0,7.766,60.677
SRC,11486,in,0,9.505,62.05
SRC,11487,in,0,9.505,62.05
SRC,11488,in,0,9.45,61.212
SRC,11471,in,0,9.45,61.212
SRC,11489,in,0,9.593,61.398
SRC,11472,in,0,9.505,62.05
SRC,11473,in,0,9.594,61.398
SRC,11490,in,0,9.737,62.355
SRC,11474,in,0,9.561,61.733
SRC,11475,in,0,9.541,61.982
SRC,11491,in,0,9.455,62.514
SRC,973,out-like,1,13.721,57.765
SRC,976,out-like,1,9.35,54.596
SRC,14240,out,1,11.861,55.856
KIT,397,in,0,8.849,64.714
KIT,402,in,0,8.828,64.073
KIT,13787,in,0,9.136,63.985
KIT,13789,in,0,9.353,40.092
KIT,15112,in,0,10.282,58.678
KIT,15113,in,0,10.831,56.891
KIT,15114,in,0,10.285,58.678
KIT,15115,in,0,10.724,57.088
KIT,15116,in,0,10.46,58.144
KIT,15118,in,0,10.78,57.46
KIT,15120,in,0,10.235,59.26
KIT,15121,in,0,10.235,59.26
KIT,15122,in,0,10.659,57.896
KIT,15123,in,0,10.66,57.896
KIT,15124,in,0,10.723,57.088
KIT,15125,in,0,10.779,57.46
KIT,15126,in,0,10.831,56.891
KIT,15127,in,0,10.457,58.144
KIT,396,out,1,12.033,61.562
KIT,398,out,1,12.96,53.449
KIT,400,out,1,11.985,56.361
KIT,401,out,1,12.96,53.449
KIT,393,out,1,11.857,60.474
KIT,395,out,1,11.817,55.347
KIT,404,out,1,11.857,60.474
KIT,403,out,1,12.641,58.275
KIT,405,out,1,12.033,61.562
KIT,10354,out,1,11.977,62.029
KIT,10355,out,1,12.406,58.761
KIT,10356,out,1,12.042,60.978
KIT,10357,out,1,12.508,58.572
KIT,10358,out,1,12.042,60.978
KIT,10359,out,1,12.224,59.558
KIT,10360,out,1,12.473,58.016
KIT,10361,out,1,12.264,59.119
KIT,10353,out,1,12.406,58.761
KIT,10362,out,1,12.406,59.547
KIT,10363,out,1,12.473,58.016
KIT,10364,out,1,11.977,62.029
KIT,11469,out,1,11.518,57.293
KIT,11470,out,1,11.52,57.284
KIT,11628,out,1,11.636,58.364
KIT,11629,out,1,11.636,58.364
KIT,11824,out,1,12.203,59.096
KIT,11825,out,1,12.311,56.966
KIT,11820,out,1,12.398,58.667
KIT,11826,out,1,12.203,59.096
KIT,11821,out,1,12.398,58.667
MAPK14,5029,in,0,10.274,49.072
MAPK14,5013,in,0,9.752,56.753
MAPK14,4991,in,0,9.601,57.297
MAPK14,5039,in,0,10.61,54.166
MAPK14,4980,in,0,16.224,14.839
MAPK14,5023,in,0,10.78,53.08
MAPK14,4984,in,0,9.494,54.741
MAPK14,5024,in,0,9.473,52.954
MAPK14,5016,in,0,9.786,56.722
MAPK14,5008,in,0,10.616,47.286
MAPK14,5009,in,0,9.604,59.002
MAPK14,4999,in,0,9.354,52.794
MAPK14,5017,in,0,9.358,61.068
MAPK14,5000,in,0,9.558,58.178
MAPK14,5036,in,0,9.13,51.831
MAPK14,5011,in,0,9.45,57.893
MAPK14,5050,in,0,10.712,45.837
MAPK14,5045,in,0,9.15,59.168
MAPK14,5034,in,0,16.224,14.839
MAPK14,5048,in,0,10.347,59.299
MAPK14,5038,in,0,11.768,35.371
MAPK14,5049,in,0,9.409,51.583
MAPK14,5051,in,0,9.175,53.669
MAPK14,5060,in,0,9.637,59.592
MAPK14,5012,out,1,25.685,17.059
MAPK14,4990,out-like,1,20.216,29.728
MAPK14,5002,out,1,12.763,59.197
MAPK14,4977,out,1,14.454,45.53
MAPK14,4992,out,1,14.802,55.871
MAPK14,5004,out,1,13.065,50.921
MAPK14,4983,out-like,1,18.032,51.55
MAPK14,5005,out,1,14.802,55.871
MAPK14,5031,out-like,1,12.004,55.866
MAPK14,4986,out,1,13.317,52.153
MAPK14,4987,out,1,14.454,45.618
MAPK14,5006,out-like,1,12.276,55.052
MAPK14,5056,out-like,1,18.032,51.55
MAPK14,5032,out,1,13.651,54.476
MAPK14,5027,out,1,13.904,44.645
MAPK14,5057,out,1,13.152,51.709
MAPK14,5020,out-like,1,21.655,31.891
MAPK14,5033,out,1,14.284,47.958
MAPK14,5028,out,1,13.484,51.175
MAPK14,5037,out,1,12.057,57.241
MAPK14,5042,out-like,1,18.372,27.353
MET,2970,in,0,10.951,52.935
MET,2971,in,0,13.594,55.328
MET,2972,in,0,13.497,54.212
MET,2973,in,0,11.645,56.65
MET,2974,in,0,13.384,55.919
MET,2975,in,0,9.616,61.057
MET,2976,in,0,13.257,54.56
MET,2952,in,0,12.708,63.246
MET,2953,in,0,12.095,55.106
MET,2955,in,0,14.018,53.767
MET,2956,in,0,12.095,55.106
MET,2996,in,0,12.645,55.859
MET,2958,in,0,11.712,57.193
MET,2997,in,0,12.708,63.246
MET,2960,in,0,13.844,53.166
MET,3013,in,0,13.558,55.91
MET,2963,in,0,13.592,55.798
MET,2980,in,0,11.748,57.116
MET,2981,in,0,13.432,56.425
MET,2982,in,0,13.482,55.809
MET,2984,in,0,13.566,53.943
MET,2965,in,0,12.645,55.859
MET,2966,in,0,11.339,38.728
MET,2967,in,0,12.555,60.542
MET,2968,in,0,13.351,55.286
MET,2969,in,0,9.774,61.029
MET,2986,in,0,13.482,55.809
MET,2987,in,0,13.543,55.42
MET,2999,in,0,11.677,57.529
MET,3000,in,0,11.339,38.728
MET,3023,out,1,12.212,53.744
MET,3012,out,1,12.212,53.744
MET,2977,out,1,12.084,57.865
MET,2959,out,1,12.807,55.593
MET,2978,out,1,11.564,56.343
MET,2979,out,1,12.812,55.429
MET,2964,out,1,11.07,59.941
MET,3020,out,1,12.069,51.659
MET,2998,out,1,11.07,59.941
MET,2985,out,1,10.629,62.2
MET,3015,out,1,12.393,54.725
MET,3025,out,1,11.116,59.606
MET,3033,out,1,11.116,59.606
MET,6766,out,1,12.28,48.939
MET,6767,out,1,12.28,48.939
MET,6768,out,1,11.549,53.952
MET,6769,out,1,12.068,52.993
MET,7034,out,1,11.559,55.622
MET,7035,out,1,11.609,55.66
MET,7036,out,1,11.609,55.66
MET,7037,out,1,11.559,55.622
MET,8009,out,1,11.254,59.371
MET,8010,out,1,11.254,59.371
MET,11532,out,1,11.08,59.813
MET,11533,out,1,15.297,34.358
MET,11534,out,1,11.08,59.813
MET,11531,out,1,11.231,59.96
MET,14327,out,1,11.201,59.661
MET,14328,out,1,11.828,57.757
MET,14329,out,1,11.201,59.661
KDR,5310,in,0,10.938,27.169
KDR,5325,in,0,13.662,31.118
KDR,5341,in,0,10.685,26.525
KDR,5350,in,0,13.662,31.118
KDR,6788,in,0,10.766,28.226
KDR,6791,in,0,10.767,28.226
KDR,5317,out,1,12.357,61.669
KDR,5312,out,1,12.538,57.649
KDR,5308,out,1,17.55,20.378
KDR,5322,out,1,11.93,57.175
KDR,5311,out,1,12.368,58.045
KDR,5313,out,1,14.486,28.421
KDR,5320,out,1,12.038,60.524
KDR,5319,out,1,18.021,33.42
KDR,5318,out,1,11.869,57.586
KDR,5321,out,1,12.377,57.823
KDR,5324,out,1,12.3,55.932
KDR,5326,out,1,12.706,57.657
KDR,5328,out,1,12.538,57.527
KDR,5331,out,1,12.208,62.589
KDR,5329,out,1,12.296,57.826
KDR,5330,out,1,17.785,31.149
KDR,5333,out,1,12.458,59.581
KDR,5332,out,1,12.46,52.191
KDR,5334,out,1,11.915,49.28
KDR,5336,out,1,12.04,60.524
KDR,5337,out,1,12.484,52.958
KDR,5342,out,1,12.296,60.478
KDR,5343,out,1,12.434,58.121
KDR,5344,out,1,14.091,28.868
CDK2,3879,in,0,8.05,60.728
CDK2,3880,in,0,10.434,57.336
CDK2,3881,in,0,12.137,60.912
CDK2,3927,in,0,10.586,54.687
CDK2,3882,in,0,7.962,59.395
CDK2,3883,in,0,8.27,58.64
CDK2,3884,in,0,11.833,53.17
CDK2,3885,in,0,10.504,56.065
CDK2,3886,in,0,10.397,56.355
CDK2,3887,in,0,7.986,60.262
CDK2,3888,in,0,11.836,58.384
CDK2,3889,in,0,7.916,61.206
CDK2,3890,in,0,12.01,59.738
CDK2,3891,in,0,11.648,53.951
CDK2,3892,in,0,7.532,59.406
CDK2,3893,in,0,10.55,55.946
CDK2,3894,in,0,7.915,59.357
CDK2,3895,in,0,10.665,56.487
CDK2,3897,in,0,10.533,56.586
CDK2,3898,in,0,11.659,52.863
CDK2,3899,in,0,10.573,55.354
CDK2,3900,in,0,7.733,59.59
CDK2,3948,in,0,8.12,59.684
CDK2,3928,in,0,11.488,54.642
CDK2,3929,in,0,8.487,59.688
CDK2,3930,in,0,8.038,60.17
CDK2,3902,in,0,7.934,63.703
CDK2,3903,in,0,7.558,59.64
CDK2,3904,in,0,10.15,62.042
CDK2,3905,in,0,7.973,59.949
CDK2,3901,out,1,13.03,60.231
CDK2,3977,out,1,13.03,60.231
CDK2,11202,out-like,1,9.358,55.874
CDK2,8223,out-like,1,8.033,58.661
LCK,2279,in,0,9.416,63.76
LCK,2295,in,0,9.416,63.76
LCK,2296,in,0,10.012,57.733
LCK,2281,in,0,9.588,61.296
LCK,2297,in,0,9.47,65.518
LCK,2259,in,0,10.17,55.693
LCK,2260,in,0,9.908,56.165
LCK,2261,in,0,10.027,58.827
LCK,2262,in,0,10.073,56.87
LCK,2283,in,0,10.151,58.68
LCK,2264,in,0,10.143,56.683
LCK,2284,in,0,9.882,57.919
LCK,2265,in,0,9.955,58.166
LCK,2266,in,0,9.98,56.954
LCK,2267,in,0,10.023,57.688
LCK,2268,in,0,9.933,56.041
LCK,2270,in,0,9.918,56.255
LCK,2271,in,0,9.739,58.21
LCK,2299,in,0,11.359,66.238
LCK,2272,in,0,9.971,55.191
LCK,2273,in,0,10.015,58.867
LCK,2274,in,0,9.926,56.218
LCK,2287,in,0,10.012,56.407
LCK,2300,in,0,9.663,58.766
LCK,2275,in,0,10.225,58.799
LCK,2276,in,0,9.47,65.412
LCK,2277,in,0,10.044,58.691
LCK,2278,in,0,9.898,56.226
LCK,2291,in,0,10.01,57.187
LCK,2292,in,0,9.868,56.807
LCK,2294,out,1,12.309,62.587
LCK,2280,out,1,15.137,53.709
LCK,2282,out,1,12.431,55.511
LCK,2286,out,1,12.566,55.735
LCK,2288,out,1,12.088,58.22
LCK,2290,out,1,12.311,60.176
LCK,2293,out,1,12.144,57.217
LCK,11698,out,1,10.313,59.889
LCK,11699,out,1,10.313,59.889
MAPK1,2551,in,0,8.23,63.038
MAPK1,2583,in,0,11.824,22.498
MAPK1,2572,in,0,8.235,62.945
MAPK1,2552,in,0,7.792,62.311
MAPK1,2553,in,0,7.622,60.299
MAPK1,2554,in,0,6.918,62.534
MAPK1,2556,in,0,7.457,64.572
MAPK1,2558,in,0,10.346,41.263
MAPK1,2559,in,0,7.623,60.299
MAPK1,2560,in,0,7.791,63.05
MAPK1,2561,in,0,7.791,63.05
MAPK1,2563,in,0,7.886,61.886
MAPK1,2564,in,0,8.064,62.936
MAPK1,2565,in,0,10.304,41.77
MAPK1,2566,in,0,7.511,64.393
MAPK1,2567,in,0,7.457,64.572
MAPK1,2573,in,0,7.775,64.302
MAPK1,2568,in,0,7.922,61.724
MAPK1,2570,in,0,7.598,60.73
MAPK1,2571,in,0,7.561,60.691
MAPK1,2574,in,0,7.768,62.66
MAPK1,2575,in,0,7.378,63.567
MAPK1,2576,in,0,7.296,61.344
MAPK1,2578,in,0,6.934,62.584
MAPK1,2579,in,0,7.699,63.796
MAPK1,2580,in,0,7.724,59.824
MAPK1,2584,in,0,7.894,62.806
MAPK1,2585,in,0,7.511,64.383
MAPK1,2581,in,0,7.59,63.267
MAPK1,2594,in,0,7.509,61.208
AKT1,2538,in,0,9.14,60.942
AKT1,2539,in,0,9.216,60.456
AKT1,2540,in,0,8.91,64.135
AKT1,2541,in,0,9.183,60.087
AKT1,2543,in,0,8.939,59.946
AKT1,2544,in,0,8.773,63.442
AKT1,2546,in,0,8.883,65.436
AKT1,2547,in,0,9.11,60.921
AKT1,2548,in,0,9.144,59.097
AKT1,2531,in,0,9.14,60.942
AKT1,2532,in,0,9.224,61.074
AKT1,2533,in,0,9.043,62.474
AKT1,2534,in,0,9.238,60.348
AKT1,2535,in,0,8.7,63.595
AKT1,2536,in,0,8.939,60.108
AKT1,2537,in,0,9.224,61.074
AKT1,6762,in,0,8.963,65.481
AKT1,6763,in,0,8.991,61.781
AKT1,6764,in,0,8.963,65.481
AKT1,6765,in,0,8.991,61.781
AKT1,9868,in,0,8.961,61.66
AKT1,9869,in,0,8.961,61.659
AKT1,10430,in,0,9.14,59.363
AKT1,10434,in,0,9.073,57.382
AKT1,10882,in,0,9.123,58.185
AKT1,10428,in,0,9.14,59.363
AKT1,10439,in,0,9.14,59.363
AKT1,10436,in,0,9.073,57.382
AKT1,10429,in,0,9.14,59.363
AKT1,10435,in,0,9.14,59.363
AKT1,10914,out,1,17.49,48.663
AKT1,11747,out,1,17.555,49.093
AKT1,11748,out,1,17.555,49.093
AKT1,15382,out,1,18.008,37.92
AKT1,15385,out,1,18.008,37.92
AKT1,2545,out,1,22.718,30.233
CSF1R,1241,in,0,10.9,57.532
CSF1R,1242,in,0,10.9,57.532
CSF1R,2308,out,1,12.47,57.732
CSF1R,2309,out,1,12.443,54.941
CSF1R,2310,out,1,12.573,54.039
CSF1R,2311,out,1,12.443,54.941
CSF1R,2302,out,1,12.573,54.039
CSF1R,2303,out,1,12.729,55.619
CSF1R,2312,out,1,10.994,55.755
CSF1R,2304,out,1,12.522,58.338
CSF1R,2313,out,1,11.694,59.35
CSF1R,2305,out,1,10.992,55.755
CSF1R,2306,out,1,10.963,56.123
CSF1R,2314,out,1,11.693,59.35
CSF1R,2307,out,1,12.338,58.023
CSF1R,2315,out,1,10.992,54.898
CSF1R,6761,out,1,11.195,54.76
CSF1R,11519,out,1,11.855,58.298
CSF1R,11518,out,1,11.855,58.706
CSF1R,11634,out,1,12.346,57.526
CSF1R,11905,out,1,11.02,54.957
CSF1R,13337,out,1,12.26,58.472
CSF1R,13989,out,1,12.081,56.27
CSF1R,13990,out,1,12.081,56.27
CSF1R,14350,out,1,12.868,55.594
CSF1R,14766,out,1,11.056,56.126
CSF1R,14767,out,1,11.056,56.126
CSF1R,15255,out,1,12.511,55.846
CSF1R,1243,out,1,12.683,55.572
DDR1,3262,out,1,12.158,58.685
DDR1,3250,out,1,14.83,37.217
DDR1,3257,out,1,12.407,56.072
DDR1,3251,out,1,12.124,58.615
DDR1,3263,out,1,12.573,56.272
DDR1,3252,out,1,12.407,56.072
DDR1,3258,out,1,12.15,59.307
DDR1,3253,out,1,12.158,58.732
DDR1,3259,out,1,12.417,56.824
DDR1,3254,out,1,11.731,53.938
DDR1,3255,out,1,12.417,56.824
DDR1,3260,out,1,12.15,59.307
DDR1,3256,out,1,12.572,56.287
DDR1,3261,out,1,11.797,59.115
DDR1,6676,out,1,12.161,52.997
DDR1,7130,out,1,12.318,53.856
DDR1,7131,out,1,12.428,54.594
DDR1,10485,out,1,12.165,54.18
DDR1,10486,out,1,12.202,54.496
DDR1,10487,out,1,12.202,54.496
DDR1,10484,out,1,12.165,54.18
DDR1,10744,out,1,12.938,63.239
DDR1,10761,out-like,1,11.326,54.318
DDR1,10745,out,1,12.638,60.629
DDR1,10737,out,1,12.635,60.629
DDR1,10738,out,1,12.635,60.629
DDR1,10746,out,1,12.559,59.558
DDR1,10739,out,1,12.559,59.558
DDR1,10747,out,1,12.851,60.422
DDR1,10740,out,1,12.638,60.629
FGFR1,3559,in,0,11.1,52.086
FGFR1,3589,in,0,13.581,19.766
FGFR1,3541,in,0,11.148,55.172
FGFR1,3526,in,0,10.967,56.422
FGFR1,3528,in,0,13.547,19.14
FGFR1,3498,in,0,8.271,35.15
FGFR1,3500,in,0,10.943,56.227
FGFR1,3550,in,0,10.819,51.963
FGFR1,3552,in,0,11.013,55.871
FGFR1,3529,in,0,11.099,52.192
FGFR1,3502,in,0,10.71,49.597
FGFR1,3504,in,0,11.077,54.184
FGFR1,3505,in,0,11.073,55.122
FGFR1,3506,in,0,10.92,55.294
FGFR1,3576,in,0,11.055,56.687
FGFR1,3507,in,0,11.922,29.605
FGFR1,3553,in,0,11.055,56.687
FGFR1,3508,in,0,10.502,50.985
FGFR1,3530,in,0,11.269,55.981
FGFR1,3509,in,0,11.249,55.28
FGFR1,3487,in,0,11.096,54.478
FGFR1,3488,in,0,9.053,26.454
FGFR1,3510,in,0,11.06,55.852
FGFR1,3531,in,0,9.027,25.955
FGFR1,3490,in,0,13.323,19.642
FGFR1,3532,in,0,11.073,55.122
FGFR1,3533,in,0,9.053,26.454
FGFR1,3511,in,0,11.049,52.517
FGFR1,3491,in,0,11.096,54.478
FGFR1,3497,out,1,14.318,28.823
FGFR1,3524,out,1,12.112,49.019
FGFR1,3594,out,1,14.318,28.823
